iso3,country,lat,lon,gdp_pc,trade_share
CHN,中国,35.0,103.0,37834.0,5.16
USA,美国,39.0,-98.0,15397.0,8.76
JPN,日本,36.2,138.2,30235.0,10.66
KOR,韩国,36.5,127.9,3842.0,6.45
DEU,德国,51.2,10.4,8968.0,5.2
FRA,法国,46.6,2.4,7016.0,4.68
GBR,英国,54.0,-2.0,109814.0,6.96
ITA,意大利,42.8,12.8,42670.0,11.2
ESP,西班牙,40.2,-3.7,24209.0,3.48
NLD,荷兰,52.2,5.3,10716.0,10.51
RUS,俄罗斯,60.0,90.0,16525.0,6.83
BRA,巴西,-10.0,-52.0,7314.0,4.2
IND,印度,22.0,79.0,6542.0,4.11
IDN,印度尼西亚,-2.0,118.0,6454.0,9.61
VNM,越南,14.1,108.3,22571.0,4.61
THA,泰国,15.9,101.0,17349.0,5.97
MYS,马来西亚,4.2,101.9,32622.0,0.55
SGP,新加坡,1.35,103.8,4857.0,3.88
AUS,澳大利亚,-25.0,134.0,9003.0,8.13
CAN,加拿大,56.0,-106.0,11294.0,10.44
MEX,墨西哥,23.6,-102.5,19384.0,10.5
ZAF,南非,-29.0,24.0,3880.0,10.02
SAU,沙特阿拉伯,24.0,45.0,15910.0,6.97
TUR,土耳其,39.0,35.0,17112.0,0.63
