city,province,gdp_yi,pop_wan,lat,lon,growth_pct,gdp_per_cap
深圳,福建,9182.2,374.7,39.64,107.178,7.03,245055.0
上海,湖北,14789.1,559.9,29.127,106.028,7.02,264138.0
北京,福建,2383.4,774.3,29.898,109.511,4.87,30781.0
广州,江苏,5390.9,616.2,26.454,118.377,5.75,87486.0
重庆,山东,17081.3,255.4,32.457,110.815,5.19,668806.0
苏州,山东,9236.3,910.1,26.492,122.819,4.34,101487.0
成都,湖北,6894.3,383.5,23.314,113.249,1.92,179773.0
杭州,湖北,8285.3,369.5,38.561,105.629,5.54,224230.0
武汉,浙江,16340.0,380.9,23.533,124.729,4.59,428984.0
南京,四川,7084.5,319.1,42.415,120.154,5.18,222015.0
宁波,其他,10237.0,268.2,39.916,117.633,7.7,381693.0
青岛,湖北,10531.3,716.3,42.468,122.423,6.98,147024.0
无锡,其他,9082.3,222.1,27.017,110.938,2.6,408928.0
长沙,其他,16010.3,694.1,28.471,114.757,5.87,230663.0
郑州,四川,4407.2,427.4,41.571,109.219,0.92,103117.0
佛山,四川,14046.4,270.8,41.248,116.991,7.54,518700.0
合肥,湖北,13657.5,386.2,36.508,109.482,7.77,353638.0
福州,其他,5970.2,256.9,36.743,112.935,6.96,232394.0
济南,其他,5632.3,548.7,43.969,124.415,6.64,102648.0
西安,四川,16471.6,251.8,39.353,118.075,1.3,654154.0
东莞,四川,7182.2,265.4,35.956,103.399,6.39,270618.0
泉州,浙江,16462.1,381.2,27.438,110.381,4.83,431849.0
南通,山东,11590.3,521.8,34.365,105.186,5.6,222122.0
常州,浙江,15855.3,807.1,30.392,125.302,3.18,196448.0
大连,其他,5395.6,228.8,43.79,125.915,7.76,235822.0
沈阳,四川,12924.8,223.3,34.951,125.416,9.9,578809.0
昆明,湖北,8339.5,682.8,28.248,107.896,1.42,122137.0
南昌,广东,20614.9,585.4,33.078,106.278,5.05,352151.0
贵阳,福建,12209.6,253.8,25.412,112.93,3.95,481072.0
哈尔滨,山东,14465.5,303.2,42.123,122.456,6.21,477094.0
厦门,广东,7945.0,684.5,26.258,123.401,6.11,116070.0
石家庄,山东,17709.6,185.4,37.324,110.497,6.57,955210.0
太原,山东,17192.3,374.1,31.703,111.599,4.62,459564.0
南宁,湖北,6894.1,924.8,24.985,116.641,5.9,74547.0
徐州,福建,11533.7,491.1,27.451,112.795,3.8,234854.0
温州,其他,13963.9,462.1,33.116,116.467,4.3,302184.0
烟台,福建,18356.3,437.1,22.702,121.182,6.0,419957.0
珠海,其他,7539.5,597.2,33.485,103.71,6.09,126247.0
惠州,山东,8000.1,697.7,27.826,118.175,5.13,114664.0
中山,四川,10551.5,406.6,31.154,120.08,4.75,259506.0
