month,source,generation_twh
2015-01-01,煤炭,178.05
2015-01-01,天然气,49.9
2015-01-01,水电,45.37
2015-01-01,风电光伏,37.43
2015-02-01,煤炭,186.42
2015-02-01,天然气,51.72
2015-02-01,水电,43.08
2015-02-01,风电光伏,38.54
2015-03-01,煤炭,220.15
2015-03-01,天然气,56.1
2015-03-01,水电,49.8
2015-03-01,风电光伏,46.27
2015-04-01,煤炭,194.96
2015-04-01,天然气,59.32
2015-04-01,水电,47.96
2015-04-01,风电光伏,42.89
2015-05-01,煤炭,202.94
2015-05-01,天然气,57.63
2015-05-01,水电,47.87
2015-05-01,风电光伏,44.61
2015-06-01,煤炭,199.43
2015-06-01,天然气,53.6
2015-06-01,水电,48.66
2015-06-01,风电光伏,41.71
2015-07-01,煤炭,191.82
2015-07-01,天然气,54.07
2015-07-01,水电,45.56
2015-07-01,风电光伏,38.45
2015-08-01,煤炭,172.88
2015-08-01,天然气,49.0
2015-08-01,水电,44.84
2015-08-01,风电光伏,38.96
2015-09-01,煤炭,159.3
2015-09-01,天然气,47.09
2015-09-01,水电,42.22
2015-09-01,风电光伏,39.53
2015-10-01,煤炭,155.57
2015-10-01,天然气,48.08
2015-10-01,水电,40.95
2015-10-01,风电光伏,37.26
2015-11-01,煤炭,172.28
2015-11-01,天然气,48.83
2015-11-01,水电,40.26
2015-11-01,风电光伏,39.74
2015-12-01,煤炭,164.75
2015-12-01,天然气,53.2
2015-12-01,水电,44.68
2015-12-01,风电光伏,42.47
2016-01-01,煤炭,187.55
2016-01-01,天然气,52.66
2016-01-01,水电,44.93
2016-01-01,风电光伏,44.86
2016-02-01,煤炭,191.91
2016-02-01,天然气,59.73
2016-02-01,水电,47.97
2016-02-01,风电光伏,47.6
2016-03-01,煤炭,209.48
2016-03-01,天然气,65.15
2016-03-01,水电,53.75
2016-03-01,风电光伏,53.41
2016-04-01,煤炭,218.79
2016-04-01,天然气,60.8
2016-04-01,水电,53.61
2016-04-01,风电光伏,50.1
2016-05-01,煤炭,213.76
2016-05-01,天然气,64.52
2016-05-01,水电,52.23
2016-05-01,风电光伏,50.45
2016-06-01,煤炭,187.92
2016-06-01,天然气,60.34
2016-06-01,水电,53.85
2016-06-01,风电光伏,48.89
2016-07-01,煤炭,174.81
2016-07-01,天然气,57.71
2016-07-01,水电,49.47
2016-07-01,风电光伏,46.29
2016-08-01,煤炭,175.11
2016-08-01,天然气,54.0
2016-08-01,水电,45.8
2016-08-01,风电光伏,45.54
2016-09-01,煤炭,160.67
2016-09-01,天然气,53.28
2016-09-01,水电,41.12
2016-09-01,风电光伏,46.41
2016-10-01,煤炭,160.53
2016-10-01,天然气,55.47
2016-10-01,水电,43.86
2016-10-01,风电光伏,42.44
2016-11-01,煤炭,147.51
2016-11-01,天然气,53.4
2016-11-01,水电,42.05
2016-11-01,风电光伏,45.08
2016-12-01,煤炭,175.02
2016-12-01,天然气,54.83
2016-12-01,水电,45.52
2016-12-01,风电光伏,47.13
2017-01-01,煤炭,180.1
2017-01-01,天然气,59.97
2017-01-01,水电,46.7
2017-01-01,风电光伏,52.43
2017-02-01,煤炭,196.05
2017-02-01,天然气,71.23
2017-02-01,水电,51.5
2017-02-01,风电光伏,51.87
2017-03-01,煤炭,194.06
2017-03-01,天然气,66.98
2017-03-01,水电,53.9
2017-03-01,风电光伏,55.08
2017-04-01,煤炭,206.28
2017-04-01,天然气,66.83
2017-04-01,水电,55.29
2017-04-01,风电光伏,62.04
2017-05-01,煤炭,207.86
2017-05-01,天然气,71.64
2017-05-01,水电,54.67
2017-05-01,风电光伏,52.71
2017-06-01,煤炭,181.67
2017-06-01,天然气,62.78
2017-06-01,水电,51.23
2017-06-01,风电光伏,56.19
2017-07-01,煤炭,183.13
2017-07-01,天然气,57.62
2017-07-01,水电,45.12
2017-07-01,风电光伏,53.57
2017-08-01,煤炭,172.38
2017-08-01,天然气,62.51
2017-08-01,水电,44.65
2017-08-01,风电光伏,50.26
2017-09-01,煤炭,154.8
2017-09-01,天然气,54.85
2017-09-01,水电,46.43
2017-09-01,风电光伏,54.35
2017-10-01,煤炭,162.93
2017-10-01,天然气,56.74
2017-10-01,水电,44.28
2017-10-01,风电光伏,48.52
2017-11-01,煤炭,171.15
2017-11-01,天然气,55.51
2017-11-01,水电,43.23
2017-11-01,风电光伏,50.74
2017-12-01,煤炭,167.82
2017-12-01,天然气,56.91
2017-12-01,水电,44.18
2017-12-01,风电光伏,54.19
2018-01-01,煤炭,170.18
2018-01-01,天然气,61.94
2018-01-01,水电,51.74
2018-01-01,风电光伏,56.58
2018-02-01,煤炭,203.09
2018-02-01,天然气,65.3
2018-02-01,水电,54.36
2018-02-01,风电光伏,55.17
2018-03-01,煤炭,208.39
2018-03-01,天然气,69.89
2018-03-01,水电,50.6
2018-03-01,风电光伏,66.47
2018-04-01,煤炭,204.07
2018-04-01,天然气,65.78
2018-04-01,水电,54.38
2018-04-01,风电光伏,66.67
2018-05-01,煤炭,193.89
2018-05-01,天然气,72.48
2018-05-01,水电,54.57
2018-05-01,风电光伏,63.38
2018-06-01,煤炭,191.68
2018-06-01,天然气,66.64
2018-06-01,水电,51.52
2018-06-01,风电光伏,63.01
2018-07-01,煤炭,181.41
2018-07-01,天然气,67.02
2018-07-01,水电,55.47
2018-07-01,风电光伏,61.07
2018-08-01,煤炭,179.75
2018-08-01,天然气,64.32
2018-08-01,水电,48.71
2018-08-01,风电光伏,57.89
2018-09-01,煤炭,155.71
2018-09-01,天然气,59.46
2018-09-01,水电,46.85
2018-09-01,风电光伏,57.83
2018-10-01,煤炭,155.07
2018-10-01,天然气,53.32
2018-10-01,水电,46.85
2018-10-01,风电光伏,52.76
2018-11-01,煤炭,168.94
2018-11-01,天然气,62.45
2018-11-01,水电,43.23
2018-11-01,风电光伏,54.89
2018-12-01,煤炭,163.31
2018-12-01,天然气,63.35
2018-12-01,水电,48.99
2018-12-01,风电光伏,62.51
2019-01-01,煤炭,184.91
2019-01-01,天然气,71.36
2019-01-01,水电,50.24
2019-01-01,风电光伏,67.24
2019-02-01,煤炭,195.12
2019-02-01,天然气,71.92
2019-02-01,水电,52.9
2019-02-01,风电光伏,68.51
2019-03-01,煤炭,200.06
2019-03-01,天然气,75.71
2019-03-01,水电,56.93
2019-03-01,风电光伏,75.88
2019-04-01,煤炭,191.33
2019-04-01,天然气,71.41
2019-04-01,水电,57.81
2019-04-01,风电光伏,76.69
2019-05-01,煤炭,198.28
2019-05-01,天然气,77.1
2019-05-01,水电,54.36
2019-05-01,风电光伏,74.33
2019-06-01,煤炭,187.9
2019-06-01,天然气,76.19
2019-06-01,水电,50.85
2019-06-01,风电光伏,67.13
2019-07-01,煤炭,188.93
2019-07-01,天然气,66.52
2019-07-01,水电,51.69
2019-07-01,风电光伏,67.64
2019-08-01,煤炭,159.61
2019-08-01,天然气,65.64
2019-08-01,水电,49.07
2019-08-01,风电光伏,61.67
2019-09-01,煤炭,155.35
2019-09-01,天然气,59.17
2019-09-01,水电,46.7
2019-09-01,风电光伏,60.45
2019-10-01,煤炭,156.64
2019-10-01,天然气,57.33
2019-10-01,水电,42.03
2019-10-01,风电光伏,59.27
2019-11-01,煤炭,156.01
2019-11-01,天然气,58.65
2019-11-01,水电,43.88
2019-11-01,风电光伏,61.17
2019-12-01,煤炭,160.7
2019-12-01,天然气,63.51
2019-12-01,水电,47.9
2019-12-01,风电光伏,67.25
2020-01-01,煤炭,180.5
2020-01-01,天然气,78.35
2020-01-01,水电,50.23
2020-01-01,风电光伏,67.59
2020-02-01,煤炭,181.82
2020-02-01,天然气,72.37
2020-02-01,水电,54.46
2020-02-01,风电光伏,73.99
2020-03-01,煤炭,195.89
2020-03-01,天然气,86.22
2020-03-01,水电,56.05
2020-03-01,风电光伏,84.52
2020-04-01,煤炭,193.56
2020-04-01,天然气,81.47
2020-04-01,水电,60.55
2020-04-01,风电光伏,82.64
2020-05-01,煤炭,195.82
2020-05-01,天然气,86.66
2020-05-01,水电,58.46
2020-05-01,风电光伏,82.02
2020-06-01,煤炭,192.58
2020-06-01,天然气,82.69
2020-06-01,水电,55.53
2020-06-01,风电光伏,75.89
2020-07-01,煤炭,178.76
2020-07-01,天然气,73.76
2020-07-01,水电,52.66
2020-07-01,风电光伏,70.51
2020-08-01,煤炭,155.04
2020-08-01,天然气,66.0
2020-08-01,水电,47.99
2020-08-01,风电光伏,67.64
2020-09-01,煤炭,159.82
2020-09-01,天然气,63.47
2020-09-01,水电,47.62
2020-09-01,风电光伏,70.54
2020-10-01,煤炭,150.52
2020-10-01,天然气,68.46
2020-10-01,水电,46.26
2020-10-01,风电光伏,68.49
2020-11-01,煤炭,158.15
2020-11-01,天然气,68.1
2020-11-01,水电,49.22
2020-11-01,风电光伏,74.88
2020-12-01,煤炭,169.72
2020-12-01,天然气,72.29
2020-12-01,水电,50.84
2020-12-01,风电光伏,72.93
2021-01-01,煤炭,176.16
2021-01-01,天然气,76.4
2021-01-01,水电,53.02
2021-01-01,风电光伏,80.08
2021-02-01,煤炭,183.21
2021-02-01,天然气,79.84
2021-02-01,水电,55.1
2021-02-01,风电光伏,86.56
2021-03-01,煤炭,203.75
2021-03-01,天然气,84.38
2021-03-01,水电,57.17
2021-03-01,风电光伏,92.45
2021-04-01,煤炭,204.94
2021-04-01,天然气,91.17
2021-04-01,水电,53.5
2021-04-01,风电光伏,89.71
2021-05-01,煤炭,198.69
2021-05-01,天然气,87.66
2021-05-01,水电,59.26
2021-05-01,风电光伏,95.54
2021-06-01,煤炭,178.95
2021-06-01,天然气,79.03
2021-06-01,水电,56.88
2021-06-01,风电光伏,90.98
2021-07-01,煤炭,173.17
2021-07-01,天然气,85.26
2021-07-01,水电,54.44
2021-07-01,风电光伏,81.75
2021-08-01,煤炭,160.5
2021-08-01,天然气,78.02
2021-08-01,水电,54.14
2021-08-01,风电光伏,72.43
2021-09-01,煤炭,161.53
2021-09-01,天然气,73.15
2021-09-01,水电,45.91
2021-09-01,风电光伏,68.26
2021-10-01,煤炭,158.62
2021-10-01,天然气,70.22
2021-10-01,水电,45.22
2021-10-01,风电光伏,76.45
2021-11-01,煤炭,157.86
2021-11-01,天然气,73.13
2021-11-01,水电,51.12
2021-11-01,风电光伏,73.19
2021-12-01,煤炭,161.28
2021-12-01,天然气,77.59
2021-12-01,水电,50.95
2021-12-01,风电光伏,78.14
2022-01-01,煤炭,177.97
2022-01-01,天然气,82.11
2022-01-01,水电,52.18
2022-01-01,风电光伏,84.19
2022-02-01,煤炭,175.05
2022-02-01,天然气,85.35
2022-02-01,水电,52.98
2022-02-01,风电光伏,88.91
2022-03-01,煤炭,196.63
2022-03-01,天然气,92.4
2022-03-01,水电,59.93
2022-03-01,风电光伏,102.77
2022-04-01,煤炭,201.25
2022-04-01,天然气,92.16
2022-04-01,水电,59.15
2022-04-01,风电光伏,98.36
2022-05-01,煤炭,188.84
2022-05-01,天然气,95.91
2022-05-01,水电,62.18
2022-05-01,风电光伏,105.99
2022-06-01,煤炭,191.13
2022-06-01,天然气,96.29
2022-06-01,水电,59.29
2022-06-01,风电光伏,96.69
2022-07-01,煤炭,177.55
2022-07-01,天然气,78.02
2022-07-01,水电,54.88
2022-07-01,风电光伏,87.12
2022-08-01,煤炭,161.68
2022-08-01,天然气,82.9
2022-08-01,水电,48.61
2022-08-01,风电光伏,87.52
2022-09-01,煤炭,160.09
2022-09-01,天然气,75.64
2022-09-01,水电,47.22
2022-09-01,风电光伏,82.35
2022-10-01,煤炭,153.01
2022-10-01,天然气,74.97
2022-10-01,水电,49.93
2022-10-01,风电光伏,73.39
2022-11-01,煤炭,145.21
2022-11-01,天然气,74.04
2022-11-01,水电,46.89
2022-11-01,风电光伏,84.63
2022-12-01,煤炭,146.65
2022-12-01,天然气,78.34
2022-12-01,水电,49.58
2022-12-01,风电光伏,86.99
2023-01-01,煤炭,177.09
2023-01-01,天然气,83.67
2023-01-01,水电,55.01
2023-01-01,风电光伏,96.56
2023-02-01,煤炭,188.46
2023-02-01,天然气,83.11
2023-02-01,水电,57.02
2023-02-01,风电光伏,101.33
2023-03-01,煤炭,193.54
2023-03-01,天然气,94.47
2023-03-01,水电,63.29
2023-03-01,风电光伏,106.44
2023-04-01,煤炭,187.3
2023-04-01,天然气,91.79
2023-04-01,水电,66.48
2023-04-01,风电光伏,110.44
2023-05-01,煤炭,188.24
2023-05-01,天然气,103.45
2023-05-01,水电,62.46
2023-05-01,风电光伏,115.48
2023-06-01,煤炭,169.78
2023-06-01,天然气,89.57
2023-06-01,水电,56.19
2023-06-01,风电光伏,104.73
2023-07-01,煤炭,156.26
2023-07-01,天然气,92.68
2023-07-01,水电,59.84
2023-07-01,风电光伏,94.62
2023-08-01,煤炭,150.85
2023-08-01,天然气,80.81
2023-08-01,水电,52.03
2023-08-01,风电光伏,91.9
2023-09-01,煤炭,155.55
2023-09-01,天然气,79.58
2023-09-01,水电,46.51
2023-09-01,风电光伏,83.27
2023-10-01,煤炭,138.57
2023-10-01,天然气,80.44
2023-10-01,水电,48.3
2023-10-01,风电光伏,90.47
2023-11-01,煤炭,151.23
2023-11-01,天然气,83.21
2023-11-01,水电,48.02
2023-11-01,风电光伏,87.16
2023-12-01,煤炭,154.3
2023-12-01,天然气,83.65
2023-12-01,水电,54.92
2023-12-01,风电光伏,95.52
2024-01-01,煤炭,169.26
2024-01-01,天然气,90.79
2024-01-01,水电,55.0
2024-01-01,风电光伏,110.28
2024-02-01,煤炭,173.68
2024-02-01,天然气,93.73
2024-02-01,水电,60.81
2024-02-01,风电光伏,104.87
2024-03-01,煤炭,191.82
2024-03-01,天然气,102.3
2024-03-01,水电,65.38
2024-03-01,风电光伏,112.68
2024-04-01,煤炭,179.97
2024-04-01,天然气,108.65
2024-04-01,水电,69.12
2024-04-01,风电光伏,109.46
2024-05-01,煤炭,173.38
2024-05-01,天然气,107.87
2024-05-01,水电,66.84
2024-05-01,风电光伏,126.12
2024-06-01,煤炭,171.44
2024-06-01,天然气,97.64
2024-06-01,水电,60.15
2024-06-01,风电光伏,110.04
2024-07-01,煤炭,153.9
2024-07-01,天然气,91.69
2024-07-01,水电,56.01
2024-07-01,风电光伏,103.48
2024-08-01,煤炭,155.63
2024-08-01,天然气,85.9
2024-08-01,水电,52.03
2024-08-01,风电光伏,98.82
2024-09-01,煤炭,152.23
2024-09-01,天然气,83.6
2024-09-01,水电,53.42
2024-09-01,风电光伏,97.66
2024-10-01,煤炭,145.61
2024-10-01,天然气,81.17
2024-10-01,水电,50.49
2024-10-01,风电光伏,94.16
2024-11-01,煤炭,148.42
2024-11-01,天然气,83.78
2024-11-01,水电,53.12
2024-11-01,风电光伏,97.79
2024-12-01,煤炭,157.64
2024-12-01,天然气,86.6
2024-12-01,水电,55.53
2024-12-01,风电光伏,97.17
2025-01-01,煤炭,166.24
2025-01-01,天然气,97.68
2025-01-01,水电,59.64
2025-01-01,风电光伏,110.7
2025-02-01,煤炭,166.45
2025-02-01,天然气,95.46
2025-02-01,水电,58.31
2025-02-01,风电光伏,119.92
2025-03-01,煤炭,173.66
2025-03-01,天然气,105.1
2025-03-01,水电,68.42
2025-03-01,风电光伏,117.03
2025-04-01,煤炭,188.51
2025-04-01,天然气,111.68
2025-04-01,水电,65.4
2025-04-01,风电光伏,125.78
2025-05-01,煤炭,177.3
2025-05-01,天然气,104.1
2025-05-01,水电,63.62
2025-05-01,风电光伏,121.8
2025-06-01,煤炭,160.16
2025-06-01,天然气,103.85
2025-06-01,水电,66.14
2025-06-01,风电光伏,123.02
2025-07-01,煤炭,158.22
2025-07-01,天然气,101.51
2025-07-01,水电,57.18
2025-07-01,风电光伏,126.5
2025-08-01,煤炭,152.34
2025-08-01,天然气,92.49
2025-08-01,水电,55.52
2025-08-01,风电光伏,112.25
2025-09-01,煤炭,122.39
2025-09-01,天然气,88.44
2025-09-01,水电,53.56
2025-09-01,风电光伏,100.44
2025-10-01,煤炭,132.57
2025-10-01,天然气,91.44
2025-10-01,水电,50.7
2025-10-01,风电光伏,98.2
2025-11-01,煤炭,148.49
2025-11-01,天然气,88.77
2025-11-01,水电,52.06
2025-11-01,风电光伏,109.3
2025-12-01,煤炭,144.98
2025-12-01,天然气,90.37
2025-12-01,水电,56.56
2025-12-01,风电光伏,112.17
