firm_id,industry,size,year,revenue,roa,leverage
F001,机械,中,2018,22.683,0.1001,0.274
F001,机械,中,2019,28.176,0.0867,0.274
F001,机械,中,2020,31.345,0.0818,0.274
F001,机械,中,2021,34.694,0.0769,0.274
F001,机械,中,2022,37.965,0.0807,0.274
F001,机械,中,2023,40.165,0.0688,0.274
F001,机械,中,2024,48.229,0.0925,0.274
F001,机械,中,2025,57.236,0.0909,0.274
F002,机械,大,2018,13.163,0.1003,0.486
F002,机械,大,2019,12.477,0.0768,0.486
F002,机械,大,2020,13.743,0.0804,0.486
F002,机械,大,2021,13.476,0.0896,0.486
F002,机械,大,2022,13.361,0.081,0.486
F002,机械,大,2023,17.08,0.0772,0.486
F002,机械,大,2024,17.704,0.0686,0.486
F002,机械,大,2025,18.573,0.0851,0.486
F003,机械,中,2018,7.703,0.0735,0.397
F003,机械,中,2019,7.955,0.0763,0.397
F003,机械,中,2020,8.267,0.0983,0.397
F003,机械,中,2021,9.258,0.0813,0.397
F003,机械,中,2022,9.983,0.0767,0.397
F003,机械,中,2023,10.634,0.0933,0.397
F003,机械,中,2024,10.861,0.083,0.397
F003,机械,中,2025,11.612,0.078,0.397
F004,消费,小,2018,5.621,0.055,0.718
F004,消费,小,2019,6.033,0.0719,0.718
F004,消费,小,2020,6.975,0.0549,0.718
F004,消费,小,2021,8.228,0.0635,0.718
F004,消费,小,2022,9.467,0.055,0.718
F004,消费,小,2023,10.333,0.0738,0.718
F004,消费,小,2024,12.339,0.0717,0.718
F004,消费,小,2025,11.811,0.0686,0.718
F005,消费,小,2018,4.139,0.0761,0.238
F005,消费,小,2019,3.945,0.0765,0.238
F005,消费,小,2020,4.775,0.0959,0.238
F005,消费,小,2021,5.701,0.0858,0.238
F005,消费,小,2022,4.935,0.0661,0.238
F005,消费,小,2023,6.171,0.1079,0.238
F005,消费,小,2024,6.4,0.0803,0.238
F005,消费,小,2025,6.271,0.0882,0.238
F006,医药,小,2018,11.302,0.0662,0.741
F006,医药,小,2019,12.676,0.055,0.741
F006,医药,小,2020,13.86,0.0765,0.741
F006,医药,小,2021,14.376,0.0687,0.741
F006,医药,小,2022,14.919,0.0553,0.741
F006,医药,小,2023,17.532,0.0457,0.741
F006,医药,小,2024,17.423,0.0613,0.741
F006,医药,小,2025,21.56,0.0543,0.741
F007,电子,中,2018,4.318,0.0491,0.711
F007,电子,中,2019,4.926,0.0638,0.711
F007,电子,中,2020,5.15,0.0712,0.711
F007,电子,中,2021,5.835,0.0696,0.711
F007,电子,中,2022,7.518,0.0823,0.711
F007,电子,中,2023,8.868,0.0557,0.711
F007,电子,中,2024,9.269,0.0474,0.711
F007,电子,中,2025,12.146,0.0778,0.711
F008,医药,小,2018,5.99,0.0692,0.253
F008,医药,小,2019,7.086,0.0817,0.253
F008,医药,小,2020,7.811,0.0728,0.253
F008,医药,小,2021,8.044,0.0664,0.253
F008,医药,小,2022,7.648,0.0849,0.253
F008,医药,小,2023,7.192,0.0787,0.253
F008,医药,小,2024,8.249,0.093,0.253
F008,医药,小,2025,8.704,0.0931,0.253
F009,消费,中,2018,5.382,0.0619,0.548
F009,消费,中,2019,6.511,0.0702,0.548
F009,消费,中,2020,7.87,0.0644,0.548
F009,消费,中,2021,7.671,0.0709,0.548
F009,消费,中,2022,8.452,0.0788,0.548
F009,消费,中,2023,11.199,0.068,0.548
F009,消费,中,2024,11.523,0.0736,0.548
F009,消费,中,2025,12.199,0.0756,0.548
F010,机械,中,2018,7.188,0.0498,0.706
F010,机械,中,2019,6.415,0.0764,0.706
F010,机械,中,2020,8.752,0.0649,0.706
F010,机械,中,2021,9.027,0.0742,0.706
F010,机械,中,2022,10.21,0.0413,0.706
F010,机械,中,2023,12.523,0.0736,0.706
F010,机械,中,2024,12.934,0.0596,0.706
F010,机械,中,2025,13.404,0.0773,0.706
F011,电子,小,2018,5.768,0.0465,0.408
F011,电子,小,2019,5.542,0.0949,0.408
F011,电子,小,2020,5.835,0.0796,0.408
F011,电子,小,2021,5.737,0.0624,0.408
F011,电子,小,2022,4.776,0.0872,0.408
F011,电子,小,2023,4.348,0.0741,0.408
F011,电子,小,2024,5.09,0.0733,0.408
F011,电子,小,2025,4.234,0.0725,0.408
F012,机械,小,2018,6.629,0.0808,0.414
F012,机械,小,2019,6.27,0.0719,0.414
F012,机械,小,2020,7.944,0.0846,0.414
F012,机械,小,2021,8.911,0.0758,0.414
F012,机械,小,2022,8.946,0.077,0.414
F012,机械,小,2023,10.464,0.0541,0.414
F012,机械,小,2024,11.878,0.0582,0.414
F012,机械,小,2025,12.204,0.0592,0.414
F013,医药,中,2018,7.942,0.0433,0.741
F013,医药,中,2019,9.236,0.0571,0.741
F013,医药,中,2020,10.15,0.0564,0.741
F013,医药,中,2021,11.722,0.0511,0.741
F013,医药,中,2022,12.405,0.0467,0.741
F013,医药,中,2023,13.379,0.0827,0.741
F013,医药,中,2024,14.793,0.0479,0.741
F013,医药,中,2025,16.584,0.0465,0.741
F014,机械,大,2018,21.93,0.0865,0.25
F014,机械,大,2019,20.033,0.0845,0.25
F014,机械,大,2020,23.345,0.0826,0.25
F014,机械,大,2021,23.267,0.0972,0.25
F014,机械,大,2022,26.021,0.0706,0.25
F014,机械,大,2023,25.604,0.0727,0.25
F014,机械,大,2024,28.275,0.0838,0.25
F014,机械,大,2025,27.82,0.0806,0.25
F015,消费,小,2018,12.05,0.0564,0.736
F015,消费,小,2019,13.444,0.0614,0.736
F015,消费,小,2020,16.962,0.0495,0.736
F015,消费,小,2021,18.506,0.0785,0.736
F015,消费,小,2022,18.977,0.0721,0.736
F015,消费,小,2023,19.993,0.0573,0.736
F015,消费,小,2024,22.359,0.039,0.736
F015,消费,小,2025,23.103,0.0696,0.736
F016,医药,中,2018,6.624,0.0565,0.557
F016,医药,中,2019,7.404,0.0797,0.557
F016,医药,中,2020,7.529,0.0649,0.557
F016,医药,中,2021,9.158,0.0729,0.557
F016,医药,中,2022,11.086,0.0534,0.557
F016,医药,中,2023,10.924,0.0684,0.557
F016,医药,中,2024,12.406,0.0717,0.557
F016,医药,中,2025,12.784,0.0686,0.557
F017,医药,大,2018,11.986,0.0831,0.371
F017,医药,大,2019,16.755,0.0574,0.371
F017,医药,大,2020,16.22,0.0645,0.371
F017,医药,大,2021,15.087,0.0622,0.371
F017,医药,大,2022,18.846,0.0443,0.371
F017,医药,大,2023,19.395,0.0953,0.371
F017,医药,大,2024,19.345,0.0787,0.371
F017,医药,大,2025,24.841,0.068,0.371
F018,机械,大,2018,5.811,0.0688,0.425
F018,机械,大,2019,6.95,0.0908,0.425
F018,机械,大,2020,7.433,0.0705,0.425
F018,机械,大,2021,7.431,0.0616,0.425
F018,机械,大,2022,9.266,0.0945,0.425
F018,机械,大,2023,9.827,0.0831,0.425
F018,机械,大,2024,10.878,0.0676,0.425
F018,机械,大,2025,12.191,0.0739,0.425
F019,电子,大,2018,5.096,0.0793,0.203
F019,电子,大,2019,6.019,0.0719,0.203
F019,电子,大,2020,6.363,0.0864,0.203
F019,电子,大,2021,8.403,0.091,0.203
F019,电子,大,2022,8.637,0.0736,0.203
F019,电子,大,2023,10.024,0.0906,0.203
F019,电子,大,2024,11.499,0.0915,0.203
F019,电子,大,2025,12.6,0.0962,0.203
F020,消费,中,2018,9.22,0.06,0.684
F020,消费,中,2019,9.741,0.0699,0.684
F020,消费,中,2020,8.642,0.0611,0.684
F020,消费,中,2021,9.953,0.0771,0.684
F020,消费,中,2022,12.561,0.0908,0.684
F020,消费,中,2023,12.066,0.0706,0.684
F020,消费,中,2024,13.622,0.0407,0.684
F020,消费,中,2025,12.72,0.0614,0.684
F021,医药,小,2018,10.959,0.0821,0.185
F021,医药,小,2019,11.283,0.0933,0.185
F021,医药,小,2020,12.567,0.078,0.185
F021,医药,小,2021,14.314,0.094,0.185
F021,医药,小,2022,18.239,0.0821,0.185
F021,医药,小,2023,18.665,0.079,0.185
F021,医药,小,2024,20.787,0.0779,0.185
F021,医药,小,2025,27.93,0.0898,0.185
F022,机械,中,2018,11.177,0.0716,0.201
F022,机械,中,2019,11.183,0.0975,0.201
F022,机械,中,2020,12.959,0.0951,0.201
F022,机械,中,2021,14.524,0.1001,0.201
F022,机械,中,2022,16.554,0.0836,0.201
F022,机械,中,2023,18.275,0.082,0.201
F022,机械,中,2024,19.475,0.0791,0.201
F022,机械,中,2025,21.359,0.0859,0.201
F023,机械,中,2018,11.198,0.0943,0.321
F023,机械,中,2019,13.278,0.0898,0.321
F023,机械,中,2020,15.553,0.0877,0.321
F023,机械,中,2021,16.251,0.0859,0.321
F023,机械,中,2022,17.76,0.0678,0.321
F023,机械,中,2023,25.486,0.0894,0.321
F023,机械,中,2024,26.826,0.0675,0.321
F023,机械,中,2025,36.45,0.0903,0.321
F024,机械,小,2018,4.831,0.077,0.466
F024,机械,小,2019,4.893,0.0568,0.466
F024,机械,小,2020,4.889,0.0676,0.466
F024,机械,小,2021,5.854,0.0671,0.466
F024,机械,小,2022,5.573,0.0686,0.466
F024,机械,小,2023,5.901,0.0793,0.466
F024,机械,小,2024,7.482,0.0744,0.466
F024,机械,小,2025,6.872,0.0875,0.466
F025,消费,中,2018,4.471,0.0554,0.541
F025,消费,中,2019,5.012,0.0969,0.541
F025,消费,中,2020,4.677,0.0574,0.541
F025,消费,中,2021,5.492,0.0683,0.541
F025,消费,中,2022,5.539,0.0688,0.541
F025,消费,中,2023,5.06,0.083,0.541
F025,消费,中,2024,5.64,0.0582,0.541
F025,消费,中,2025,5.847,0.0671,0.541
F026,医药,中,2018,33.786,0.0747,0.55
F026,医药,中,2019,40.203,0.0775,0.55
F026,医药,中,2020,43.274,0.0758,0.55
F026,医药,中,2021,45.783,0.0848,0.55
F026,医药,中,2022,56.979,0.0789,0.55
F026,医药,中,2023,56.179,0.0874,0.55
F026,医药,中,2024,67.56,0.0694,0.55
F026,医药,中,2025,69.982,0.0711,0.55
F027,医药,大,2018,27.82,0.0872,0.27
F027,医药,大,2019,27.777,0.0817,0.27
F027,医药,大,2020,33.441,0.0835,0.27
F027,医药,大,2021,38.488,0.0456,0.27
F027,医药,大,2022,41.509,0.0883,0.27
F027,医药,大,2023,45.323,0.0743,0.27
F027,医药,大,2024,55.795,0.089,0.27
F027,医药,大,2025,55.397,0.0803,0.27
F028,医药,小,2018,4.421,0.0668,0.354
F028,医药,小,2019,4.543,0.0686,0.354
F028,医药,小,2020,4.851,0.0785,0.354
F028,医药,小,2021,4.903,0.0933,0.354
F028,医药,小,2022,5.362,0.0764,0.354
F028,医药,小,2023,5.297,0.0678,0.354
F028,医药,小,2024,5.306,0.0677,0.354
F028,医药,小,2025,5.885,0.075,0.354
F029,消费,小,2018,16.186,0.0987,0.196
F029,消费,小,2019,17.469,0.0912,0.196
F029,消费,小,2020,18.757,0.0825,0.196
F029,消费,小,2021,21.065,0.1077,0.196
F029,消费,小,2022,23.56,0.0762,0.196
F029,消费,小,2023,26.14,0.1116,0.196
F029,消费,小,2024,32.68,0.0658,0.196
F029,消费,小,2025,35.916,0.0874,0.196
F030,医药,大,2018,19.341,0.0599,0.546
F030,医药,大,2019,20.758,0.0698,0.546
F030,医药,大,2020,20.818,0.0816,0.546
F030,医药,大,2021,24.998,0.0703,0.546
F030,医药,大,2022,26.348,0.0583,0.546
F030,医药,大,2023,29.821,0.0642,0.546
F030,医药,大,2024,30.267,0.0638,0.546
F030,医药,大,2025,35.039,0.0584,0.546
F031,医药,大,2018,11.68,0.074,0.566
F031,医药,大,2019,12.762,0.0662,0.566
F031,医药,大,2020,13.889,0.0564,0.566
F031,医药,大,2021,14.701,0.064,0.566
F031,医药,大,2022,16.955,0.072,0.566
F031,医药,大,2023,19.766,0.0582,0.566
F031,医药,大,2024,22.037,0.0677,0.566
F031,医药,大,2025,23.244,0.0642,0.566
F032,电子,小,2018,39.118,0.0776,0.411
F032,电子,小,2019,42.16,0.0887,0.411
F032,电子,小,2020,49.458,0.0755,0.411
F032,电子,小,2021,58.125,0.0842,0.411
F032,电子,小,2022,71.47,0.0703,0.411
F032,电子,小,2023,82.843,0.0711,0.411
F032,电子,小,2024,92.727,0.0865,0.411
F032,电子,小,2025,93.017,0.0487,0.411
F033,电子,小,2018,5.541,0.0794,0.442
F033,电子,小,2019,6.531,0.0848,0.442
F033,电子,小,2020,7.859,0.0656,0.442
F033,电子,小,2021,8.075,0.0725,0.442
F033,电子,小,2022,10.403,0.084,0.442
F033,电子,小,2023,12.061,0.0728,0.442
F033,电子,小,2024,15.511,0.0865,0.442
F033,电子,小,2025,15.629,0.0916,0.442
F034,医药,中,2018,10.031,0.0808,0.569
F034,医药,中,2019,12.322,0.0561,0.569
F034,医药,中,2020,14.477,0.0638,0.569
F034,医药,中,2021,15.957,0.0846,0.569
F034,医药,中,2022,17.476,0.0834,0.569
F034,医药,中,2023,23.219,0.0698,0.569
F034,医药,中,2024,22.99,0.0778,0.569
F034,医药,中,2025,27.609,0.0654,0.569
F035,消费,小,2018,10.772,0.0745,0.485
F035,消费,小,2019,10.777,0.0918,0.485
F035,消费,小,2020,11.917,0.0893,0.485
F035,消费,小,2021,11.172,0.0517,0.485
F035,消费,小,2022,12.61,0.0683,0.485
F035,消费,小,2023,11.757,0.0699,0.485
F035,消费,小,2024,12.023,0.074,0.485
F035,消费,小,2025,11.336,0.0861,0.485
F036,电子,大,2018,5.639,0.106,0.166
F036,电子,大,2019,5.537,0.0844,0.166
F036,电子,大,2020,6.477,0.0973,0.166
F036,电子,大,2021,7.823,0.0723,0.166
F036,电子,大,2022,7.4,0.0694,0.166
F036,电子,大,2023,7.515,0.0979,0.166
F036,电子,大,2024,9.253,0.0796,0.166
F036,电子,大,2025,10.507,0.1031,0.166
F037,机械,中,2018,6.616,0.064,0.495
F037,机械,中,2019,7.303,0.0791,0.495
F037,机械,中,2020,6.877,0.0632,0.495
F037,机械,中,2021,8.01,0.0553,0.495
F037,机械,中,2022,8.986,0.054,0.495
F037,机械,中,2023,8.658,0.076,0.495
F037,机械,中,2024,9.141,0.0825,0.495
F037,机械,中,2025,10.046,0.0891,0.495
F038,电子,小,2018,9.615,0.0589,0.747
F038,电子,小,2019,10.862,0.0627,0.747
F038,电子,小,2020,11.487,0.0748,0.747
F038,电子,小,2021,12.319,0.055,0.747
F038,电子,小,2022,13.619,0.0706,0.747
F038,电子,小,2023,14.325,0.0737,0.747
F038,电子,小,2024,16.674,0.0658,0.747
F038,电子,小,2025,18.562,0.0498,0.747
F039,电子,中,2018,10.187,0.0755,0.526
F039,电子,中,2019,11.099,0.0596,0.526
F039,电子,中,2020,11.782,0.0585,0.526
F039,电子,中,2021,13.269,0.0566,0.526
F039,电子,中,2022,14.098,0.083,0.526
F039,电子,中,2023,17.123,0.0799,0.526
F039,电子,中,2024,17.301,0.1037,0.526
F039,电子,中,2025,21.592,0.0805,0.526
F040,消费,小,2018,4.676,0.0582,0.671
F040,消费,小,2019,4.327,0.0676,0.671
F040,消费,小,2020,4.908,0.0598,0.671
F040,消费,小,2021,5.207,0.0534,0.671
F040,消费,小,2022,5.498,0.0654,0.671
F040,消费,小,2023,6.611,0.0512,0.671
F040,消费,小,2024,6.436,0.0694,0.671
F040,消费,小,2025,8.035,0.0453,0.671
F041,电子,中,2018,17.391,0.0749,0.433
F041,电子,中,2019,18.477,0.0613,0.433
F041,电子,中,2020,17.643,0.0783,0.433
F041,电子,中,2021,17.655,0.0763,0.433
F041,电子,中,2022,18.608,0.0764,0.433
F041,电子,中,2023,17.275,0.0639,0.433
F041,电子,中,2024,20.537,0.093,0.433
F041,电子,中,2025,19.788,0.085,0.433
F042,消费,中,2018,19.197,0.0658,0.527
F042,消费,中,2019,19.572,0.0844,0.527
F042,消费,中,2020,20.473,0.0749,0.527
F042,消费,中,2021,19.134,0.054,0.527
F042,消费,中,2022,23.024,0.0738,0.527
F042,消费,中,2023,19.697,0.0752,0.527
F042,消费,中,2024,22.465,0.0706,0.527
F042,消费,中,2025,23.088,0.0826,0.527
F043,电子,中,2018,3.715,0.0583,0.62
F043,电子,中,2019,3.454,0.0789,0.62
F043,电子,中,2020,3.495,0.0817,0.62
F043,电子,中,2021,3.298,0.0533,0.62
F043,电子,中,2022,3.367,0.053,0.62
F043,电子,中,2023,2.986,0.0758,0.62
F043,电子,中,2024,3.094,0.0477,0.62
F043,电子,中,2025,2.908,0.0645,0.62
F044,机械,中,2018,5.393,0.0756,0.451
F044,机械,中,2019,6.88,0.0717,0.451
F044,机械,中,2020,8.651,0.0699,0.451
F044,机械,中,2021,8.676,0.0779,0.451
F044,机械,中,2022,10.922,0.0817,0.451
F044,机械,中,2023,14.69,0.0814,0.451
F044,机械,中,2024,17.834,0.0549,0.451
F044,机械,中,2025,19.706,0.0827,0.451
F045,电子,小,2018,4.575,0.0688,0.516
F045,电子,小,2019,5.456,0.1084,0.516
F045,电子,小,2020,7.28,0.0774,0.516
F045,电子,小,2021,8.523,0.086,0.516
F045,电子,小,2022,8.917,0.0692,0.516
F045,电子,小,2023,10.721,0.0705,0.516
F045,电子,小,2024,11.475,0.0619,0.516
F045,电子,小,2025,14.484,0.0741,0.516
F046,机械,大,2018,11.692,0.0917,0.211
F046,机械,大,2019,11.28,0.1135,0.211
F046,机械,大,2020,12.195,0.0997,0.211
F046,机械,大,2021,13.135,0.0757,0.211
F046,机械,大,2022,14.818,0.0822,0.211
F046,机械,大,2023,17.658,0.0885,0.211
F046,机械,大,2024,20.403,0.0926,0.211
F046,机械,大,2025,17.663,0.1,0.211
F047,电子,大,2018,4.06,0.0792,0.182
F047,电子,大,2019,4.93,0.0798,0.182
F047,电子,大,2020,5.793,0.0816,0.182
F047,电子,大,2021,6.636,0.0718,0.182
F047,电子,大,2022,7.754,0.1047,0.182
F047,电子,大,2023,8.831,0.1002,0.182
F047,电子,大,2024,9.059,0.0746,0.182
F047,电子,大,2025,11.504,0.0937,0.182
F048,机械,小,2018,11.259,0.0642,0.489
F048,机械,小,2019,13.409,0.0634,0.489
F048,机械,小,2020,12.896,0.0839,0.489
F048,机械,小,2021,14.423,0.0744,0.489
F048,机械,小,2022,14.294,0.0818,0.489
F048,机械,小,2023,17.455,0.0772,0.489
F048,机械,小,2024,16.493,0.0642,0.489
F048,机械,小,2025,16.975,0.0806,0.489
F049,医药,小,2018,2.444,0.0652,0.55
F049,医药,小,2019,2.65,0.0681,0.55
F049,医药,小,2020,2.766,0.0484,0.55
F049,医药,小,2021,3.396,0.0654,0.55
F049,医药,小,2022,3.665,0.0951,0.55
F049,医药,小,2023,4.47,0.0686,0.55
F049,医药,小,2024,4.973,0.0692,0.55
F049,医药,小,2025,5.468,0.0682,0.55
F050,消费,中,2018,6.31,0.0968,0.153
F050,消费,中,2019,6.841,0.0806,0.153
F050,消费,中,2020,6.648,0.0891,0.153
F050,消费,中,2021,7.25,0.1101,0.153
F050,消费,中,2022,7.531,0.0946,0.153
F050,消费,中,2023,7.371,0.0909,0.153
F050,消费,中,2024,7.42,0.0992,0.153
F050,消费,中,2025,8.158,0.0808,0.153
F051,机械,小,2018,10.809,0.0797,0.383
F051,机械,小,2019,13.254,0.0609,0.383
F051,机械,小,2020,14.384,0.0816,0.383
F051,机械,小,2021,16.101,0.0769,0.383
F051,机械,小,2022,16.583,0.0747,0.383
F051,机械,小,2023,18.218,0.0812,0.383
F051,机械,小,2024,20.762,0.0977,0.383
F051,机械,小,2025,20.257,0.0713,0.383
F052,医药,大,2018,4.012,0.0624,0.468
F052,医药,大,2019,4.157,0.0804,0.468
F052,医药,大,2020,5.157,0.0594,0.468
F052,医药,大,2021,5.257,0.0789,0.468
F052,医药,大,2022,5.485,0.0819,0.468
F052,医药,大,2023,6.488,0.0778,0.468
F052,医药,大,2024,8.063,0.0842,0.468
F052,医药,大,2025,8.659,0.0765,0.468
F053,医药,中,2018,6.724,0.0906,0.279
F053,医药,中,2019,8.533,0.0717,0.279
F053,医药,中,2020,9.29,0.0726,0.279
F053,医药,中,2021,11.302,0.0515,0.279
F053,医药,中,2022,13.648,0.0643,0.279
F053,医药,中,2023,16.632,0.0867,0.279
F053,医药,中,2024,18.635,0.096,0.279
F053,医药,中,2025,21.44,0.0775,0.279
F054,电子,大,2018,8.146,0.0591,0.676
F054,电子,大,2019,8.191,0.0837,0.676
F054,电子,大,2020,7.955,0.0498,0.676
F054,电子,大,2021,7.933,0.0437,0.676
F054,电子,大,2022,7.995,0.0463,0.676
F054,电子,大,2023,7.219,0.075,0.676
F054,电子,大,2024,7.963,0.0713,0.676
F054,电子,大,2025,7.894,0.0539,0.676
F055,机械,小,2018,8.581,0.0497,0.635
F055,机械,小,2019,9.33,0.0628,0.635
F055,机械,小,2020,10.657,0.0585,0.635
F055,机械,小,2021,10.785,0.0825,0.635
F055,机械,小,2022,12.774,0.0621,0.635
F055,机械,小,2023,14.493,0.0975,0.635
F055,机械,小,2024,16.439,0.0676,0.635
F055,机械,小,2025,16.293,0.049,0.635
F056,机械,大,2018,10.454,0.0518,0.469
F056,机械,大,2019,9.922,0.0778,0.469
F056,机械,大,2020,11.322,0.0687,0.469
F056,机械,大,2021,11.361,0.0769,0.469
F056,机械,大,2022,11.58,0.0831,0.469
F056,机械,大,2023,12.803,0.0664,0.469
F056,机械,大,2024,13.844,0.0494,0.469
F056,机械,大,2025,16.093,0.0718,0.469
F057,消费,中,2018,17.054,0.0862,0.316
F057,消费,中,2019,20.724,0.0862,0.316
F057,消费,中,2020,21.594,0.0945,0.316
F057,消费,中,2021,21.571,0.1056,0.316
F057,消费,中,2022,26.989,0.058,0.316
F057,消费,中,2023,30.779,0.0898,0.316
F057,消费,中,2024,31.797,0.0645,0.316
F057,消费,中,2025,35.921,0.0831,0.316
F058,消费,小,2018,2.958,0.0669,0.631
F058,消费,小,2019,3.149,0.0836,0.631
F058,消费,小,2020,3.575,0.0397,0.631
F058,消费,小,2021,4.065,0.0719,0.631
F058,消费,小,2022,4.39,0.0491,0.631
F058,消费,小,2023,4.871,0.0472,0.631
F058,消费,小,2024,6.459,0.0654,0.631
F058,消费,小,2025,6.936,0.0855,0.631
F059,电子,大,2018,15.706,0.0646,0.187
F059,电子,大,2019,16.301,0.0717,0.187
F059,电子,大,2020,17.846,0.1068,0.187
F059,电子,大,2021,21.522,0.0819,0.187
F059,电子,大,2022,22.256,0.1256,0.187
F059,电子,大,2023,26.125,0.0827,0.187
F059,电子,大,2024,24.911,0.0629,0.187
F059,电子,大,2025,25.14,0.0792,0.187
F060,医药,小,2018,13.19,0.0645,0.505
F060,医药,小,2019,13.095,0.0785,0.505
F060,医药,小,2020,16.171,0.0792,0.505
F060,医药,小,2021,17.577,0.0652,0.505
F060,医药,小,2022,20.901,0.0757,0.505
F060,医药,小,2023,20.487,0.0755,0.505
F060,医药,小,2024,22.421,0.0835,0.505
F060,医药,小,2025,26.069,0.0799,0.505
