recency_days,frequency,monetary,avg_order_value,return_rate,discount_share,category_breadth,session_count,avg_session_min,email_open_rate,support_tickets,tenure_months,segment,churn
74.507,14.681,2726.494,84.442,0.065,0.453,3.151,19.956,9.059,0.422,0.517,19.641,价格敏感,0
58.915,16.394,3424.132,248.19,0.024,0.228,4.712,41.06,4.923,0.33,1.888,13.781,新客试探,0
69.25,18.271,3424.705,295.697,0.029,0.339,1.533,11.023,5.628,0.153,3.033,20.75,价格敏感,0
82.355,12.619,2360.719,174.92,0.08,0.27,5.196,20.155,9.885,0.166,3.125,27.384,价格敏感,0
39.828,7.677,3213.546,294.274,0.146,0.256,3.641,35.077,10.787,0.351,1.727,34.945,新客试探,1
80.556,19.422,1625.239,177.175,0.099,0.172,6.242,27.502,1.96,0.555,1.75,20.871,新客试探,0
48.376,11.074,2586.805,205.411,0.118,0.268,4.15,29.782,7.232,0.302,0.618,8.473,价格敏感,1
79.519,16.159,3239.987,226.49,0.146,0.146,3.891,32.919,7.515,0.261,1.351,22.225,新客试探,0
45.28,9.74,622.991,229.286,0.114,0.355,5.021,39.184,10.88,0.153,2.631,40.608,价格敏感,1
11.402,24.048,3428.413,205.639,0.04,0.277,6.184,31.863,4.765,0.179,0.0,29.225,高价值忠诚,0
42.818,9.812,2448.719,256.755,0.086,0.19,4.381,21.02,1.642,0.224,1.169,46.085,价格敏感,0
19.495,5.253,4877.44,243.416,0.0,0.293,7.328,12.668,7.241,0.216,0.0,44.233,高价值忠诚,0
33.264,1.851,1470.537,227.812,0.087,0.415,2.165,41.705,8.53,0.18,0.108,18.963,价格敏感,1
26.194,17.737,4480.509,295.81,0.0,0.263,3.929,39.561,8.685,0.187,0.22,13.908,高价值忠诚,0
18.23,14.255,2027.868,307.399,0.11,0.395,3.065,39.584,7.5,0.16,1.707,18.786,价格敏感,1
94.369,1.939,1397.406,219.763,0.142,0.211,4.834,23.15,5.037,0.319,2.214,29.07,新客试探,1
63.085,15.769,4618.714,300.124,0.0,0.25,6.399,19.098,12.221,0.374,0.872,45.33,高价值忠诚,0
38.105,13.984,2470.108,303.631,0.085,0.334,4.414,49.646,8.773,0.266,2.132,22.674,新客试探,0
30.087,22.045,3338.525,306.261,0.026,0.272,7.244,34.958,7.772,0.348,0.0,27.296,高价值忠诚,0
76.61,8.302,533.181,216.563,0.059,0.07,6.142,14.881,4.609,0.378,1.059,11.937,新客试探,1
75.224,8.839,2406.019,337.713,0.042,0.367,4.712,35.943,10.351,0.498,0.917,37.17,价格敏感,0
42.952,15.26,2261.715,252.375,0.104,0.209,7.852,32.813,2.982,0.309,0.0,15.519,高价值忠诚,0
53.128,5.272,1808.587,252.254,0.11,0.513,4.042,33.465,8.505,0.315,1.905,20.083,价格敏感,1
62.503,13.055,3940.347,219.154,0.0,0.288,6.135,33.114,10.722,0.364,0.683,45.818,高价值忠诚,0
58.102,20.766,3464.598,280.429,0.031,0.135,9.944,38.372,9.226,0.098,0.492,30.654,高价值忠诚,0
30.239,18.631,2514.552,136.567,0.134,0.495,2.759,22.315,4.626,0.379,2.512,5.603,价格敏感,0
8.227,16.077,3433.838,227.688,0.029,0.111,4.677,20.634,7.137,0.259,0.0,36.361,高价值忠诚,1
46.896,13.212,3249.087,279.262,0.036,0.469,3.571,27.974,6.816,0.375,1.175,19.679,价格敏感,1
52.792,13.78,1962.498,242.435,0.088,0.167,6.527,29.157,3.421,0.293,0.251,22.287,高价值忠诚,0
24.386,5.43,2958.549,168.001,0.091,0.416,3.794,18.974,4.909,0.423,0.975,11.246,价格敏感,1
25.357,17.968,4238.604,332.017,0.075,0.228,5.279,23.282,9.137,0.41,1.315,51.728,高价值忠诚,0
64.613,23.545,5004.712,212.623,0.057,0.492,9.239,27.419,11.444,0.324,0.763,10.84,高价值忠诚,0
37.374,4.454,2270.216,248.218,0.081,0.292,4.796,6.504,7.272,0.592,0.664,18.269,新客试探,1
90.248,9.335,2198.311,158.861,0.069,0.291,2.968,24.948,7.423,0.372,0.116,8.861,价格敏感,0
87.716,14.461,2160.354,185.895,0.085,0.334,3.914,20.125,11.069,0.294,3.305,17.952,新客试探,1
65.333,18.368,2376.759,175.911,0.041,0.267,6.063,25.688,11.701,0.383,0.608,21.502,高价值忠诚,1
24.911,9.421,1563.715,146.784,0.083,0.319,4.724,22.911,9.768,0.27,0.0,6.877,价格敏感,1
121.405,9.979,2636.884,267.719,0.149,0.241,6.216,17.039,10.291,0.272,3.964,13.336,新客试探,1
34.519,17.762,1897.769,189.641,0.054,0.303,5.172,34.531,11.277,0.377,0.119,23.312,价格敏感,1
69.391,10.576,2529.843,221.711,0.087,0.458,3.683,17.242,6.454,0.276,0.0,30.801,价格敏感,0
0.0,11.899,2861.762,354.949,0.089,0.304,6.408,26.067,9.189,0.347,1.781,38.28,高价值忠诚,0
29.832,3.131,1599.759,209.909,0.109,0.562,7.284,21.851,8.138,0.209,2.763,16.773,价格敏感,1
64.945,10.392,185.261,258.265,0.067,0.208,8.317,36.542,4.842,0.241,0.0,33.844,新客试探,1
39.583,16.408,2720.517,331.158,0.049,0.245,9.385,23.742,8.867,0.238,0.891,22.758,高价值忠诚,1
92.027,11.568,2134.495,263.103,0.142,0.165,5.787,50.582,3.637,0.413,2.736,25.952,新客试探,1
108.96,9.851,2907.338,157.942,0.112,0.347,4.006,31.265,8.768,0.201,1.448,23.042,新客试探,0
21.468,10.195,2158.421,133.648,0.132,0.584,1.379,24.324,3.318,0.255,2.468,21.535,价格敏感,1
79.127,16.479,2316.639,194.554,0.122,0.266,4.142,19.905,7.271,0.52,0.983,27.966,新客试探,0
31.779,19.326,2758.154,314.32,0.025,0.323,3.271,37.374,5.263,0.394,1.845,29.418,高价值忠诚,1
73.966,10.369,2718.417,275.047,0.144,0.373,6.879,25.799,5.218,0.418,0.591,23.59,价格敏感,1
71.203,15.841,2644.201,148.097,0.097,0.4,5.256,25.122,7.623,0.621,0.702,17.687,价格敏感,1
32.57,12.841,4482.387,376.908,0.017,0.056,5.406,29.84,3.623,0.291,0.718,37.48,高价值忠诚,1
38.084,26.087,2955.942,321.611,0.106,0.044,6.185,28.221,9.055,0.315,0.0,26.306,高价值忠诚,0
48.268,16.109,4092.282,160.244,0.064,0.409,4.764,28.229,6.025,0.351,0.0,20.09,价格敏感,1
93.574,7.363,4753.317,189.035,0.135,0.12,5.837,18.527,7.309,0.359,1.832,8.71,新客试探,0
92.983,8.453,2538.951,250.792,0.114,0.332,4.517,33.147,7.315,0.109,3.158,26.396,新客试探,1
103.263,23.887,2616.006,138.635,0.17,0.311,4.577,28.184,4.135,0.404,0.0,7.474,新客试探,1
54.995,9.538,2145.438,124.875,0.144,0.329,5.325,28.4,5.919,0.458,1.32,5.806,价格敏感,0
158.517,13.915,3608.651,265.977,0.09,0.336,4.38,23.65,9.325,0.195,2.849,24.54,新客试探,0
121.093,13.98,2503.336,178.361,0.17,0.402,3.56,24.832,6.179,0.154,3.825,29.465,新客试探,0
29.238,18.401,2217.071,200.637,0.119,0.331,6.12,26.514,10.894,0.512,1.136,8.99,价格敏感,1
19.076,9.439,2029.411,143.172,0.0,0.555,4.745,45.699,6.215,0.299,1.553,14.24,价格敏感,1
50.787,11.182,795.113,137.719,0.061,0.419,2.883,25.576,10.987,0.201,0.372,25.604,价格敏感,1
65.46,14.894,3325.629,194.353,0.173,0.332,4.465,35.808,7.126,0.395,0.493,16.082,价格敏感,1
60.248,8.171,2223.365,222.536,0.026,0.624,6.491,25.635,9.399,0.188,2.111,24.127,价格敏感,0
49.255,19.198,5157.574,288.769,0.017,0.28,8.953,24.73,11.409,0.47,1.12,38.59,高价值忠诚,0
79.16,10.051,3412.091,246.788,0.088,0.213,4.693,35.709,9.643,0.319,2.921,8.394,新客试探,1
58.22,8.635,922.625,142.006,0.075,0.35,2.264,27.917,8.464,0.15,2.776,13.053,价格敏感,1
73.318,5.036,1954.847,147.499,0.074,0.409,2.201,40.33,6.024,0.284,2.504,25.066,新客试探,1
83.278,16.294,1957.505,226.573,0.091,0.329,3.662,25.191,8.249,0.555,0.0,22.882,价格敏感,0
13.992,17.151,4405.386,313.856,0.056,0.246,5.758,2.68,6.382,0.393,0.683,36.208,高价值忠诚,1
26.584,16.771,2961.67,316.628,0.109,0.321,6.478,30.165,7.448,0.106,1.997,25.013,高价值忠诚,0
98.702,16.212,1631.19,208.688,0.123,0.216,4.696,37.716,6.252,0.273,1.922,27.1,新客试探,1
84.663,8.656,2913.413,203.358,0.166,0.458,2.034,20.226,6.556,0.353,2.735,26.223,新客试探,1
28.382,9.959,708.603,204.696,0.054,0.309,4.168,36.082,9.849,0.037,0.0,34.869,价格敏感,1
71.833,10.714,3075.02,238.049,0.052,0.393,4.3,27.402,5.549,0.309,0.0,10.346,价格敏感,0
66.246,5.446,3313.046,216.315,0.086,0.236,0.668,48.232,6.567,0.532,0.843,15.567,价格敏感,0
30.204,13.037,1368.247,221.223,0.055,0.32,2.498,28.469,14.134,0.453,1.72,24.821,新客试探,1
40.361,26.13,4295.319,205.673,0.095,0.281,6.119,33.936,7.016,0.304,0.941,10.88,高价值忠诚,0
80.176,16.025,693.892,211.167,0.093,0.301,6.969,33.241,6.524,0.274,2.733,19.299,新客试探,1
40.646,17.402,6226.748,145.408,0.098,0.297,7.748,43.804,7.939,0.392,1.607,40.659,高价值忠诚,0
34.933,3.983,2839.424,205.066,0.089,0.564,7.876,33.133,5.599,0.305,3.357,24.381,价格敏感,0
50.435,22.031,2535.778,208.275,0.041,0.316,7.278,12.855,9.546,0.195,2.572,37.206,新客试探,0
74.178,0.941,3219.395,131.042,0.085,0.489,2.889,14.814,7.674,0.445,0.529,40.027,价格敏感,0
53.858,19.485,4564.688,299.517,0.011,0.205,4.44,30.565,9.085,0.11,1.66,45.976,高价值忠诚,0
82.131,11.045,4168.176,226.521,0.0,0.114,7.226,37.795,6.245,0.288,2.276,25.683,新客试探,0
40.487,15.859,3227.804,292.678,0.0,0.294,8.498,31.141,5.021,0.147,0.0,40.578,高价值忠诚,0
71.911,7.027,2392.582,168.587,0.119,0.447,1.011,31.727,4.562,0.491,0.541,22.099,价格敏感,0
75.006,7.909,2868.513,206.2,0.057,0.395,4.521,17.588,7.274,0.345,1.958,23.842,价格敏感,1
49.251,10.014,1968.176,216.33,0.081,0.394,5.349,26.945,6.925,0.414,0.264,16.688,价格敏感,1
33.12,20.908,4214.945,395.602,0.045,0.18,7.659,46.936,5.058,0.329,0.0,19.719,高价值忠诚,1
54.717,2.934,2946.877,353.229,0.027,0.359,1.336,29.038,13.835,0.518,1.658,9.876,价格敏感,0
66.1,8.778,2726.088,259.506,0.076,0.029,5.133,46.037,8.855,0.153,1.688,37.727,新客试探,0
56.877,9.923,2047.347,296.882,0.111,0.225,4.801,22.381,5.44,0.418,2.091,18.314,新客试探,0
19.979,12.729,4351.176,315.6,0.02,0.359,5.122,44.116,7.918,0.106,1.336,31.722,高价值忠诚,0
28.145,8.708,2212.793,171.47,0.038,0.127,3.583,25.403,9.525,0.326,1.173,33.922,价格敏感,1
39.388,6.168,1882.984,255.256,0.041,0.376,3.766,31.318,10.733,0.388,2.289,28.281,价格敏感,1
90.259,18.311,5123.987,324.381,0.056,0.258,6.423,15.354,8.248,0.418,0.825,32.814,高价值忠诚,0
64.346,19.054,2772.167,352.569,0.024,0.229,3.327,26.82,5.543,0.28,0.0,27.771,高价值忠诚,0
67.972,11.23,738.645,112.964,0.045,0.496,3.186,2.75,10.976,0.267,2.979,30.084,价格敏感,1
98.687,12.902,3500.171,198.145,0.083,0.46,2.015,35.361,8.85,0.175,1.862,27.853,价格敏感,0
73.372,8.33,4787.452,141.569,0.059,0.366,8.087,37.802,8.673,0.349,1.021,36.021,价格敏感,0
78.255,9.308,3793.042,215.649,0.123,0.111,4.119,11.487,9.199,0.268,1.982,12.216,新客试探,0
100.45,10.467,4162.719,232.232,0.152,0.349,0.523,39.972,10.739,0.304,2.011,29.788,新客试探,0
96.107,19.105,1876.439,165.479,0.049,0.0,4.087,40.751,8.713,0.088,3.05,26.019,新客试探,0
49.552,20.399,2071.114,87.645,0.077,0.347,4.431,28.94,7.736,0.233,2.091,13.011,新客试探,0
55.852,9.076,1873.311,277.635,0.141,0.535,6.536,26.77,4.809,0.484,2.044,11.308,价格敏感,1
31.653,7.269,1153.979,202.811,0.186,0.437,6.909,34.04,6.103,0.557,0.661,21.591,新客试探,1
90.138,11.564,2560.984,293.776,0.104,0.292,5.384,39.328,11.328,0.378,0.185,13.829,新客试探,1
70.535,16.461,2931.691,256.145,0.107,0.353,4.765,29.869,3.525,0.19,1.875,6.823,新客试探,0
48.789,23.537,4203.08,416.388,0.105,0.299,7.253,27.95,6.748,0.259,1.399,21.272,高价值忠诚,0
22.241,22.117,4709.953,379.49,0.003,0.383,7.538,29.029,1.006,0.409,0.321,35.387,高价值忠诚,0
77.64,11.817,2049.714,228.433,0.024,0.287,4.813,14.603,8.767,0.274,0.924,11.003,价格敏感,0
35.642,12.29,2613.107,276.092,0.151,0.438,5.544,25.258,7.142,0.363,1.492,27.732,价格敏感,1
43.326,21.063,2402.292,170.213,0.126,0.267,6.095,36.677,5.066,0.277,1.928,49.397,高价值忠诚,0
64.368,14.874,4088.642,160.241,0.119,0.173,6.903,38.838,8.059,0.315,1.966,27.711,新客试探,0
104.115,11.025,2306.477,127.451,0.067,0.278,0.94,26.496,7.835,0.302,1.939,7.733,价格敏感,1
53.756,12.469,3429.094,226.67,0.092,0.0,3.674,27.587,6.549,0.295,0.0,31.827,新客试探,1
67.271,4.856,2575.465,154.116,0.0,0.2,3.851,33.984,5.539,0.212,2.456,9.957,新客试探,0
100.412,9.834,4096.944,207.707,0.131,0.122,5.311,28.457,7.658,0.438,0.0,29.951,新客试探,0
73.07,10.813,1281.126,226.968,0.09,0.157,4.375,43.153,9.84,0.333,2.207,19.355,新客试探,1
75.662,19.63,1719.453,129.915,0.076,0.44,3.94,39.591,7.413,0.406,0.709,22.701,价格敏感,0
63.525,8.032,2441.067,235.611,0.061,0.413,4.323,38.757,5.529,0.382,1.081,24.545,价格敏感,1
88.823,13.907,2902.061,127.544,0.061,0.309,4.824,5.785,7.481,0.545,1.243,14.686,价格敏感,0
82.891,9.104,1281.31,232.689,0.101,0.163,1.939,44.372,11.107,0.528,4.206,25.523,新客试探,0
24.933,20.274,2255.911,250.838,0.012,0.291,5.514,16.842,9.708,0.586,0.0,25.653,高价值忠诚,1
53.253,12.854,1585.714,174.293,0.131,0.465,4.503,16.342,8.018,0.601,1.456,21.61,价格敏感,1
27.751,10.185,71.963,112.577,0.088,0.357,5.101,27.399,10.436,0.468,2.352,15.055,新客试探,1
81.863,11.741,3287.873,244.211,0.098,0.061,2.812,18.458,10.304,0.249,1.699,9.635,新客试探,0
83.484,14.081,5276.169,344.166,0.075,0.341,5.93,24.683,8.0,0.329,0.0,42.343,高价值忠诚,0
90.616,13.348,627.357,184.154,0.12,0.209,4.068,32.134,8.807,0.372,1.239,15.833,价格敏感,1
16.222,18.62,2786.764,330.582,0.058,0.134,7.807,10.8,11.545,0.238,2.881,38.586,高价值忠诚,0
84.525,14.068,2631.681,224.673,0.096,0.372,4.526,22.918,8.476,0.233,0.47,11.73,价格敏感,0
110.215,4.238,1870.82,174.917,0.117,0.503,5.244,32.539,14.373,0.51,3.225,13.135,新客试探,0
18.035,15.774,3577.115,348.693,0.053,0.249,5.037,33.579,7.864,0.218,0.0,25.719,高价值忠诚,1
75.827,12.355,3135.671,294.563,0.046,0.38,3.969,30.427,7.97,0.249,0.484,27.084,价格敏感,0
27.829,19.921,3599.231,240.912,0.103,0.189,3.919,23.708,6.772,0.108,0.863,15.351,价格敏感,0
57.567,15.798,3679.545,345.93,0.0,0.186,5.359,38.825,5.955,0.449,0.0,40.002,高价值忠诚,0
57.21,14.924,2295.127,158.127,0.147,0.137,5.039,40.206,4.03,0.332,1.704,33.854,新客试探,1
37.919,18.654,2069.896,180.913,0.098,0.354,8.716,10.636,5.563,0.374,0.0,36.654,高价值忠诚,0
33.156,7.987,1731.503,314.57,0.085,0.443,1.574,6.811,5.558,0.363,0.303,14.481,价格敏感,1
66.103,3.359,3675.823,334.269,0.09,0.448,1.967,24.746,8.873,0.439,0.4,26.768,价格敏感,1
55.972,15.211,2948.607,236.762,0.069,0.513,5.43,26.62,6.139,0.265,1.51,15.002,价格敏感,1
35.931,4.673,3098.716,212.165,0.087,0.483,5.618,28.273,5.382,0.062,1.812,36.297,价格敏感,1
65.416,5.62,803.086,128.939,0.143,0.258,3.001,34.404,4.94,0.425,2.743,19.203,新客试探,1
28.176,6.779,3636.027,182.604,0.076,0.589,2.573,17.347,10.186,0.297,0.737,23.219,价格敏感,1
48.586,9.258,1493.715,189.76,0.033,0.298,4.919,31.751,11.484,0.341,1.555,7.867,价格敏感,1
72.289,12.112,1785.402,148.071,0.074,0.491,3.662,28.047,4.968,0.08,0.723,19.385,价格敏感,0
71.28,15.248,2589.219,239.105,0.119,0.37,4.383,31.706,3.69,0.254,1.22,20.749,新客试探,0
101.209,8.59,1897.185,171.251,0.041,0.253,3.988,37.104,5.1,0.31,1.409,29.206,价格敏感,0
45.162,11.758,2115.015,192.872,0.05,0.432,0.746,22.399,7.465,0.215,1.643,27.007,价格敏感,1
34.258,14.984,3249.813,373.99,0.091,0.201,3.041,27.238,6.308,0.4,0.883,18.577,高价值忠诚,0
50.127,17.082,3041.834,281.638,0.112,0.237,4.131,30.719,9.175,0.321,0.593,45.643,高价值忠诚,1
46.71,14.036,1113.041,232.581,0.112,0.171,3.991,19.446,10.681,0.221,2.277,5.839,价格敏感,1
42.541,11.002,1919.404,223.437,0.156,0.2,3.585,20.126,9.63,0.215,0.656,13.996,新客试探,1
38.598,10.153,4838.374,205.553,0.112,0.251,7.411,22.357,11.428,0.205,1.616,21.346,新客试探,1
69.262,13.069,2487.331,248.761,0.085,0.365,3.696,15.892,7.67,0.293,0.895,19.023,价格敏感,1
49.058,9.707,3075.611,143.976,0.034,0.38,5.661,34.09,8.9,0.337,0.0,32.764,高价值忠诚,0
14.528,20.472,3650.306,329.445,0.058,0.213,7.912,15.009,5.683,0.388,0.0,29.332,高价值忠诚,1
79.851,12.02,1958.91,152.865,0.025,0.408,4.143,44.085,7.37,0.495,0.903,13.23,价格敏感,1
87.375,14.648,2358.944,343.152,0.036,0.147,4.403,22.996,5.296,0.396,2.894,0.258,新客试探,0
42.714,10.112,2028.909,153.799,0.068,0.355,4.095,13.18,9.151,0.255,0.774,21.553,价格敏感,1
59.433,25.405,4088.425,293.345,0.013,0.405,7.646,37.215,7.202,0.293,0.0,44.384,高价值忠诚,0
95.722,17.618,4022.771,246.61,0.038,0.255,3.945,29.915,9.354,0.412,0.472,46.568,高价值忠诚,0
31.856,13.006,3968.787,185.286,0.069,0.297,2.967,28.584,6.539,0.411,2.179,16.948,新客试探,0
41.973,9.287,2184.376,64.167,0.094,0.4,3.104,43.971,9.442,0.277,1.857,0.0,价格敏感,1
73.452,13.208,2806.731,224.958,0.146,0.319,5.171,34.31,10.151,0.414,0.536,7.813,价格敏感,0
47.463,18.3,2481.475,366.831,0.091,0.083,2.911,30.222,7.63,0.324,3.455,12.321,新客试探,0
39.111,12.63,3233.094,212.462,0.093,0.236,3.294,32.185,6.563,0.391,1.126,33.837,新客试探,1
59.94,11.711,1825.886,203.199,0.099,0.533,1.544,33.537,3.437,0.244,0.0,23.038,价格敏感,1
28.864,13.474,2463.016,113.787,0.023,0.218,4.445,34.408,6.871,0.334,0.0,19.048,价格敏感,1
24.055,16.844,4236.594,338.806,0.016,0.226,6.769,21.388,8.551,0.268,0.0,36.37,高价值忠诚,0
38.016,14.776,3157.256,183.969,0.025,0.359,5.028,31.895,8.653,0.403,1.815,11.24,价格敏感,1
75.805,13.946,2714.153,139.895,0.102,0.224,3.017,12.084,5.173,0.439,3.138,12.12,新客试探,1
78.217,12.298,2541.769,240.22,0.085,0.341,2.563,43.505,6.701,0.415,3.287,12.719,新客试探,1
37.833,7.121,2931.897,345.846,0.081,0.277,5.407,13.157,8.014,0.258,0.712,20.43,高价值忠诚,1
35.529,19.8,2232.597,211.387,0.018,0.186,6.959,25.157,7.612,0.218,0.048,39.625,高价值忠诚,1
89.258,14.634,2302.248,231.724,0.074,0.379,5.011,32.136,10.345,0.438,2.166,21.031,价格敏感,1
77.313,7.437,1861.074,258.318,0.123,0.62,3.09,18.189,11.146,0.362,0.325,11.226,价格敏感,1
90.847,0.0,2338.64,194.758,0.13,0.363,9.059,31.748,7.897,0.563,2.992,13.724,新客试探,1
26.292,23.775,2021.456,268.567,0.009,0.128,4.261,40.505,5.158,0.425,1.75,50.522,高价值忠诚,0
85.787,6.084,4253.684,353.717,0.072,0.168,5.734,34.876,8.919,0.065,0.0,29.002,高价值忠诚,0
86.194,1.452,4087.279,374.666,0.117,0.444,3.46,33.116,7.841,0.301,2.524,27.209,新客试探,0
40.821,8.263,1091.95,276.53,0.119,0.147,1.895,31.269,4.995,0.381,0.129,22.648,新客试探,1
53.292,8.458,2190.007,154.536,0.107,0.361,3.395,26.883,9.6,0.473,0.0,33.82,价格敏感,1
40.202,13.279,2299.276,213.269,0.013,0.555,4.575,18.38,5.578,0.551,1.112,6.942,价格敏感,1
87.574,15.337,3261.68,205.192,0.149,0.205,3.401,8.399,3.446,0.437,2.338,20.528,新客试探,0
49.771,10.962,1601.585,141.345,0.077,0.351,5.651,35.515,7.128,0.341,0.148,21.32,价格敏感,1
89.569,25.574,4848.879,228.859,0.0,0.166,4.681,28.835,2.817,0.264,1.382,27.672,高价值忠诚,0
53.262,12.661,2331.413,149.938,0.122,0.399,7.159,34.846,4.225,0.472,2.466,10.641,价格敏感,0
78.883,12.332,2041.171,158.089,0.133,0.434,5.24,30.545,9.757,0.267,1.295,9.417,价格敏感,0
39.828,12.3,1839.404,237.176,0.079,0.296,1.764,26.591,3.774,0.283,2.707,17.411,价格敏感,1
35.67,3.324,2611.563,194.583,0.091,0.521,1.114,31.806,2.628,0.21,0.66,19.329,价格敏感,1
47.587,14.353,2401.21,285.467,0.028,0.441,2.874,27.965,9.927,0.229,2.876,13.308,价格敏感,1
28.746,7.129,2003.688,210.111,0.093,0.396,4.992,37.173,5.334,0.489,1.886,17.975,价格敏感,1
15.331,7.505,3317.797,254.201,0.035,0.188,6.11,33.789,7.779,0.223,0.662,16.867,高价值忠诚,1
88.935,15.145,3496.965,264.585,0.126,0.157,4.117,24.029,3.274,0.321,3.521,27.895,新客试探,0
40.227,13.316,4362.099,354.103,0.004,0.352,5.979,16.751,7.981,0.147,1.643,42.471,高价值忠诚,1
26.642,0.0,2627.587,184.419,0.089,0.193,5.571,27.204,5.12,0.165,0.0,16.666,新客试探,1
84.419,8.579,1754.419,264.819,0.108,0.279,3.6,27.495,5.549,0.306,1.345,28.802,价格敏感,1
22.95,20.282,4793.628,247.164,0.0,0.218,5.775,25.179,7.643,0.543,0.0,37.359,高价值忠诚,0
36.428,17.368,1700.324,251.339,0.004,0.238,4.754,42.468,6.399,0.121,0.0,19.401,高价值忠诚,1
61.145,5.05,1423.563,258.661,0.151,0.398,4.086,28.297,7.118,0.296,2.647,22.146,新客试探,1
48.658,9.178,2525.821,284.705,0.119,0.361,4.325,35.595,5.157,0.441,1.959,18.206,价格敏感,1
5.459,16.62,4289.468,364.056,0.055,0.198,6.918,44.389,7.456,0.313,2.061,38.611,高价值忠诚,1
0.0,19.551,2739.437,214.977,0.024,0.293,5.473,25.164,6.782,0.245,0.0,30.41,高价值忠诚,0
98.772,18.961,3323.005,128.798,0.075,0.135,4.312,43.033,10.878,0.332,1.783,8.958,新客试探,0
26.364,15.698,4479.779,336.725,0.0,0.329,6.819,55.578,8.843,0.175,0.0,31.297,高价值忠诚,1
55.157,13.469,2781.258,351.601,0.174,0.186,3.301,49.51,8.035,0.499,3.298,31.198,新客试探,1
57.343,11.786,4361.94,124.434,0.103,0.27,7.248,15.777,7.855,0.583,1.794,29.907,新客试探,1
62.839,8.038,0.0,352.128,0.088,0.474,4.437,35.5,8.742,0.359,2.185,13.792,价格敏感,0
91.403,19.07,1888.88,198.869,0.018,0.491,6.286,45.261,9.708,0.275,0.211,14.953,价格敏感,0
101.66,14.171,1867.54,51.007,0.149,0.421,4.64,17.764,2.947,0.299,1.524,27.531,价格敏感,0
76.534,22.616,3776.06,250.071,0.134,0.367,6.432,37.196,7.678,0.27,0.53,27.85,高价值忠诚,0
50.235,7.068,2273.78,229.82,0.137,0.047,3.773,53.103,8.571,0.467,1.887,21.231,新客试探,0
77.533,13.501,5008.962,214.452,0.041,0.133,6.817,26.404,6.045,0.302,0.0,37.088,高价值忠诚,0
57.658,20.001,584.021,183.9,0.123,0.424,5.033,41.965,1.075,0.443,1.403,25.08,价格敏感,0
64.418,13.512,1804.722,281.446,0.109,0.504,4.147,13.81,7.827,0.426,2.741,20.696,价格敏感,0
23.809,7.493,2939.719,183.497,0.077,0.337,6.288,21.382,5.291,0.331,0.719,31.508,价格敏感,1
54.907,6.825,2420.549,201.474,0.095,0.205,6.864,28.009,7.008,0.31,2.064,16.473,新客试探,1
29.709,10.504,2585.874,311.809,0.111,0.472,4.051,19.202,9.185,0.331,2.804,26.154,价格敏感,1
48.026,21.765,4095.615,300.247,0.055,0.283,5.192,21.623,9.043,0.213,0.289,24.83,高价值忠诚,0
39.329,19.302,2562.4,256.307,0.045,0.434,9.498,18.593,12.9,0.494,1.273,27.032,高价值忠诚,1
81.158,12.812,2519.108,155.468,0.107,0.557,4.579,12.28,8.864,0.242,2.816,17.702,价格敏感,0
74.533,12.214,0.0,174.714,0.133,0.571,4.707,32.772,8.554,0.362,1.456,28.195,价格敏感,1
53.465,8.602,1815.082,311.716,0.117,0.354,5.849,22.8,8.308,0.23,0.767,12.53,价格敏感,1
19.21,25.815,4225.931,295.642,0.043,0.172,5.878,47.979,9.389,0.349,1.133,21.616,高价值忠诚,1
53.833,8.508,1634.419,242.183,0.068,0.362,3.452,14.549,2.448,0.358,2.083,25.352,价格敏感,1
54.748,7.979,2535.14,113.009,0.133,0.431,3.712,25.813,6.874,0.336,1.082,17.827,价格敏感,0
25.869,13.054,5675.293,261.222,0.08,0.151,7.503,22.949,7.072,0.233,0.0,37.576,高价值忠诚,0
10.384,19.465,3065.525,161.652,0.029,0.244,8.384,15.164,5.247,0.288,0.991,38.078,高价值忠诚,1
16.537,26.517,3270.662,325.093,0.094,0.204,5.935,31.463,7.027,0.406,1.339,26.366,高价值忠诚,0
42.61,11.776,3582.719,339.856,0.032,0.095,4.887,33.635,6.676,0.352,0.0,28.833,高价值忠诚,1
119.747,3.986,4259.292,258.313,0.101,0.289,4.062,32.501,7.216,0.492,0.051,21.162,新客试探,0
86.159,9.084,3746.317,150.151,0.055,0.526,4.833,34.856,7.839,0.247,1.701,15.867,价格敏感,0
96.209,14.608,2128.009,135.772,0.147,0.381,5.207,35.194,4.011,0.332,1.988,13.308,价格敏感,0
31.892,22.699,3610.208,285.701,0.059,0.147,4.254,28.678,8.218,0.311,0.969,41.698,高价值忠诚,0
49.625,13.446,1538.908,123.558,0.134,0.232,5.114,17.405,9.048,0.219,1.377,26.89,价格敏感,1
23.739,0.0,1365.656,178.614,0.113,0.31,4.472,59.465,7.158,0.096,3.295,5.65,新客试探,1
7.66,26.488,3451.641,283.586,0.006,0.354,9.985,20.908,10.652,0.287,0.77,29.712,高价值忠诚,1
48.877,8.016,1920.51,179.755,0.131,0.217,5.923,26.236,7.583,0.203,2.962,27.689,新客试探,1
37.216,18.137,2378.908,174.916,0.093,0.288,7.675,15.556,8.318,0.429,2.876,26.708,新客试探,1
92.069,13.955,2747.935,193.647,0.121,0.248,5.251,40.745,9.473,0.522,2.961,11.385,新客试探,1
37.468,16.427,4062.6,299.921,0.042,0.112,7.713,28.515,9.187,0.468,0.0,35.458,高价值忠诚,0
103.566,10.464,3142.477,208.537,0.114,0.277,4.31,29.046,9.146,0.348,1.934,35.988,新客试探,0
45.312,16.556,3381.844,211.577,0.015,0.237,5.884,35.017,9.553,0.284,1.379,26.19,高价值忠诚,0
24.507,14.346,4294.951,182.239,0.027,0.303,4.656,28.737,9.822,0.271,0.0,31.326,高价值忠诚,1
39.888,18.56,2676.849,284.086,0.0,0.096,6.075,35.891,10.206,0.228,1.12,33.531,高价值忠诚,0
30.923,8.888,2874.007,155.69,0.125,0.413,3.031,25.416,1.724,0.287,2.258,25.337,价格敏感,1
29.015,0.922,2819.805,211.584,0.068,0.527,2.979,34.56,7.443,0.075,3.014,23.692,价格敏感,1
94.61,0.0,4452.732,149.93,0.069,0.111,0.588,32.125,5.862,0.085,2.298,2.389,新客试探,0
17.888,18.716,2607.459,267.742,0.129,0.291,4.559,35.577,4.829,0.273,1.877,29.101,价格敏感,1
79.511,17.281,3408.225,184.67,0.0,0.166,7.46,14.249,7.054,0.641,1.205,42.142,高价值忠诚,0
122.493,9.493,2313.98,206.658,0.1,0.178,4.263,33.05,8.186,0.226,1.636,28.26,新客试探,0
39.667,11.85,3612.097,264.606,0.088,0.37,1.855,22.056,10.603,0.268,1.641,24.407,价格敏感,0
66.294,9.135,3757.304,209.055,0.108,0.343,6.682,27.51,8.262,0.276,0.924,17.935,价格敏感,1
54.573,9.046,2863.496,137.322,0.115,0.378,2.992,38.996,9.522,0.344,0.88,28.125,价格敏感,1
0.0,12.051,4069.679,344.792,0.014,0.223,5.966,21.73,7.224,0.301,0.832,18.425,高价值忠诚,1
98.154,13.629,4246.747,167.652,0.187,0.229,6.617,11.948,9.484,0.299,2.916,37.989,新客试探,0
90.365,20.795,2797.971,259.436,0.106,0.248,3.373,25.323,6.653,0.274,1.017,19.256,新客试探,0
75.999,12.218,3738.954,200.591,0.077,0.495,4.393,32.199,10.261,0.488,0.743,19.914,价格敏感,0
0.0,7.615,2520.656,85.821,0.019,0.424,2.311,26.423,5.243,0.441,0.626,13.736,价格敏感,1
53.693,8.979,2620.387,241.454,0.114,0.288,6.117,40.394,7.553,0.119,2.317,23.655,新客试探,1
20.963,3.394,1338.897,197.976,0.0,0.439,5.903,36.369,5.069,0.452,1.571,23.273,价格敏感,1
47.633,12.846,3318.365,191.081,0.067,0.253,5.271,21.968,8.923,0.274,0.923,10.229,价格敏感,0
36.353,9.481,2886.105,208.295,0.008,0.471,2.251,25.661,4.991,0.672,1.65,22.762,价格敏感,1
45.084,14.467,2790.319,199.361,0.084,0.23,4.363,33.791,7.145,0.157,0.555,16.08,新客试探,1
83.952,5.782,3295.472,141.781,0.142,0.182,3.744,23.314,11.539,0.443,1.229,25.462,价格敏感,0
63.232,21.061,4812.776,277.527,0.105,0.234,5.699,28.318,8.489,0.21,0.0,20.847,高价值忠诚,0
86.52,18.79,3269.974,235.344,0.12,0.44,3.251,26.504,6.846,0.444,1.945,24.23,新客试探,0
105.15,6.962,4268.257,228.558,0.109,0.059,3.226,20.731,7.34,0.427,0.0,19.856,新客试探,0
91.957,12.723,2424.149,203.546,0.083,0.174,6.469,42.329,5.946,0.294,2.795,26.446,新客试探,0
90.421,5.589,4028.778,129.366,0.089,0.414,6.181,38.07,3.498,0.388,0.362,12.113,价格敏感,0
22.792,21.082,3801.893,308.915,0.041,0.139,7.482,36.055,8.249,0.379,1.709,42.396,高价值忠诚,1
20.924,4.617,1524.798,218.967,0.129,0.4,2.881,50.987,9.027,0.295,1.393,8.183,价格敏感,1
32.803,20.072,2459.895,262.3,0.159,0.412,0.748,27.583,6.217,0.112,0.916,22.245,价格敏感,1
85.623,17.84,4173.64,170.691,0.067,0.078,3.698,43.841,3.912,0.372,1.368,26.356,新客试探,0
64.271,7.196,1460.789,291.951,0.095,0.387,3.906,43.766,5.805,0.361,1.009,26.201,价格敏感,1
70.793,12.981,1936.02,352.794,0.227,0.312,4.132,30.227,10.443,0.265,2.369,27.078,新客试探,1
129.552,11.967,3189.163,191.173,0.06,0.368,3.7,30.474,8.552,0.066,3.091,17.049,新客试探,0
18.008,13.142,1697.01,333.154,0.037,0.267,10.589,32.247,8.437,0.255,1.26,29.398,高价值忠诚,1
62.532,12.763,4459.516,337.898,0.104,0.379,6.003,27.426,6.594,0.35,0.0,24.8,高价值忠诚,0
29.317,3.844,4261.323,282.561,0.091,0.234,3.825,33.973,3.071,0.097,0.57,16.126,价格敏感,1
68.353,1.436,539.034,234.554,0.026,0.332,5.402,21.962,8.15,0.274,1.828,16.414,价格敏感,1
62.809,5.857,3635.147,231.819,0.101,0.301,4.373,27.922,10.135,0.299,1.805,25.663,新客试探,0
88.355,5.042,2039.354,203.714,0.088,0.351,1.931,24.63,10.282,0.227,1.954,1.422,价格敏感,0
41.839,10.396,3682.12,186.889,0.032,0.36,4.304,32.195,6.561,0.255,0.871,22.342,价格敏感,1
27.669,5.889,2215.41,65.976,0.085,0.172,3.204,44.072,6.454,0.169,1.052,16.052,价格敏感,1
21.124,13.338,4097.513,290.821,0.0,0.179,5.955,22.824,7.273,0.276,0.0,23.92,高价值忠诚,1
49.927,17.288,3126.752,141.863,0.132,0.339,4.101,32.285,7.803,0.27,1.838,26.943,新客试探,1
70.794,8.23,2362.585,243.353,0.161,0.472,4.138,39.558,10.626,0.349,1.66,26.217,价格敏感,1
60.261,16.781,3880.093,202.221,0.098,0.263,7.019,31.353,10.972,0.183,0.099,33.054,高价值忠诚,0
60.704,15.301,1796.962,208.868,0.041,0.05,6.471,12.984,6.97,0.419,2.588,9.942,新客试探,0
78.603,11.514,4243.747,383.771,0.077,0.188,4.898,22.623,6.829,0.068,1.273,44.439,高价值忠诚,0
4.94,14.106,3819.883,330.509,0.015,0.314,4.575,12.424,9.033,0.342,0.748,25.941,高价值忠诚,1
54.915,6.579,1624.875,249.799,0.116,0.367,5.506,42.152,7.894,0.215,1.949,20.424,价格敏感,1
75.118,12.942,802.584,180.156,0.107,0.447,6.136,27.117,6.726,0.049,0.47,16.259,价格敏感,0
33.791,15.182,3778.784,318.461,0.049,0.266,7.783,41.982,7.842,0.338,3.379,38.021,高价值忠诚,1
112.283,15.06,1487.187,238.653,0.02,0.392,0.929,22.172,4.727,0.453,1.547,27.608,新客试探,0
26.857,20.589,4756.389,263.394,0.019,0.423,8.612,35.663,11.216,0.331,0.713,44.373,高价值忠诚,0
29.62,16.468,3409.821,273.465,0.0,0.145,2.905,39.681,7.044,0.212,1.079,29.751,高价值忠诚,0
54.938,19.848,3178.894,298.205,0.057,0.19,9.21,44.098,9.515,0.595,0.0,42.418,高价值忠诚,0
52.508,8.293,2184.614,258.582,0.09,0.35,4.99,31.163,6.657,0.731,2.278,12.27,价格敏感,1
28.329,9.754,3453.357,178.042,0.049,0.33,2.079,30.226,8.209,0.143,1.957,14.511,价格敏感,1
91.705,23.444,2557.923,193.191,0.037,0.338,7.738,33.052,7.145,0.129,0.498,24.96,高价值忠诚,0
28.854,14.797,2366.112,239.768,0.127,0.342,5.063,36.121,4.791,0.296,2.719,22.978,新客试探,1
85.811,14.916,4772.745,240.187,0.087,0.172,8.262,23.464,7.696,0.465,0.278,26.641,高价值忠诚,0
23.726,6.875,4051.217,215.077,0.057,0.317,8.529,34.69,6.749,0.368,1.563,39.163,高价值忠诚,1
0.7,14.584,2444.632,205.76,0.142,0.313,9.062,41.013,12.058,0.328,0.0,34.217,高价值忠诚,1
68.374,10.724,2569.91,128.169,0.101,0.0,7.251,32.533,6.976,0.301,3.039,22.289,新客试探,0
77.55,11.575,1499.296,259.073,0.104,0.311,1.09,28.104,8.847,0.182,2.833,33.754,新客试探,0
27.61,21.594,3714.728,425.606,0.026,0.159,5.021,36.403,6.835,0.411,0.0,37.446,高价值忠诚,0
56.172,11.298,1171.194,311.776,0.075,0.36,4.415,56.898,8.297,0.339,1.936,21.497,价格敏感,0
84.338,17.78,2740.82,115.517,0.072,0.245,2.836,18.549,8.846,0.35,1.613,14.726,新客试探,0
35.56,7.347,2401.49,164.23,0.189,0.389,6.855,29.876,5.698,0.406,1.895,6.77,价格敏感,1
63.853,9.702,3484.489,219.103,0.062,0.337,6.134,12.031,3.946,0.42,3.867,20.702,新客试探,0
53.068,13.284,2510.547,380.887,0.044,0.428,5.068,38.581,6.904,0.356,1.658,10.776,价格敏感,1
73.1,19.132,1388.81,148.31,0.104,0.175,5.371,43.695,6.996,0.188,0.0,12.765,价格敏感,0
47.432,16.714,4139.765,227.211,0.049,0.0,3.783,12.705,9.747,0.246,2.561,18.207,新客试探,1
44.271,10.628,2219.716,258.79,0.103,0.165,5.49,29.01,12.401,0.313,2.258,23.998,新客试探,0
54.793,11.454,1957.378,302.012,0.018,0.126,6.504,19.185,3.785,0.353,0.0,35.49,高价值忠诚,1
69.797,11.028,3383.363,179.448,0.075,0.259,5.775,22.225,5.849,0.474,3.452,0.0,新客试探,0
86.079,13.117,2985.231,247.963,0.172,0.192,6.114,40.046,6.687,0.26,2.657,16.585,新客试探,1
35.983,21.656,4823.094,364.749,0.027,0.273,5.762,24.818,6.669,0.213,0.0,16.41,高价值忠诚,0
83.196,10.748,942.83,249.084,0.028,0.338,4.791,24.449,8.129,0.366,2.414,22.974,价格敏感,1
58.778,15.918,3732.865,226.783,0.172,0.354,2.171,41.676,6.207,0.467,0.0,31.682,新客试探,1
59.748,11.74,3328.176,259.983,0.13,0.111,4.576,36.582,6.141,0.267,0.296,9.015,新客试探,0
98.346,15.801,3112.304,190.638,0.061,0.32,2.792,36.888,8.206,0.218,2.018,6.774,新客试探,1
78.211,13.772,3045.207,226.181,0.09,0.435,2.78,17.567,6.978,0.354,1.479,29.707,新客试探,0
112.354,8.727,2516.058,301.285,0.049,0.265,5.039,32.786,8.534,0.353,1.471,10.623,价格敏感,1
99.067,13.06,1949.2,215.047,0.168,0.072,5.072,20.772,8.918,0.262,1.872,20.778,新客试探,0
78.122,23.684,3519.089,371.223,0.057,0.348,4.189,27.778,4.788,0.503,0.0,29.748,高价值忠诚,0
54.576,14.038,4797.66,341.45,0.066,0.111,7.417,43.427,11.779,0.039,0.0,40.509,高价值忠诚,0
97.932,18.905,3080.38,242.144,0.05,0.185,5.976,17.862,12.087,0.149,0.103,8.609,新客试探,0
98.599,18.026,3667.676,156.294,0.128,0.189,2.97,27.761,5.926,0.131,2.709,21.365,新客试探,0
55.371,14.951,2717.825,324.516,0.093,0.182,7.602,36.926,7.028,0.307,0.0,48.398,高价值忠诚,1
25.467,12.707,2189.991,243.427,0.115,0.283,5.028,29.855,5.676,0.404,1.468,4.38,价格敏感,0
50.297,11.579,2543.307,86.134,0.049,0.578,3.405,16.045,9.757,0.487,1.147,8.142,价格敏感,0
41.695,10.819,4006.815,263.065,0.066,0.33,5.118,38.087,10.355,0.373,0.219,35.798,高价值忠诚,0
57.919,13.392,2502.139,307.394,0.0,0.409,5.781,35.024,7.384,0.364,1.613,21.002,价格敏感,1
15.478,11.121,3024.027,196.206,0.022,0.211,9.163,40.487,6.123,0.416,0.0,33.817,高价值忠诚,1
75.955,5.645,2444.982,127.289,0.144,0.299,4.372,3.064,5.11,0.442,2.169,43.995,新客试探,1
31.253,13.645,2444.105,267.252,0.074,0.4,6.934,34.534,4.981,0.412,0.084,36.174,高价值忠诚,1
67.743,4.993,3379.943,227.373,0.173,0.117,6.343,31.08,6.3,0.53,3.407,24.3,新客试探,1
68.139,7.928,4233.484,128.09,0.099,0.277,6.415,31.607,5.882,0.165,1.982,25.267,新客试探,1
47.726,16.618,1832.61,152.801,0.037,0.41,5.442,40.981,8.009,0.473,1.055,18.128,价格敏感,1
55.684,8.721,1681.159,162.963,0.103,0.244,3.283,18.357,9.227,0.321,2.181,16.783,价格敏感,1
39.367,13.477,2787.514,214.75,0.162,0.234,4.087,27.727,7.283,0.432,1.588,29.459,新客试探,1
57.192,12.361,2791.189,299.112,0.014,0.152,6.868,2.939,8.452,0.104,0.853,43.975,高价值忠诚,0
48.661,11.536,3092.765,271.596,0.069,0.403,5.881,24.578,12.442,0.306,1.337,23.813,价格敏感,0
72.784,13.956,3233.171,118.057,0.07,0.402,5.984,19.4,7.43,0.268,1.561,17.374,价格敏感,1
90.81,14.055,4282.449,220.193,0.023,0.328,3.22,44.339,4.957,0.29,1.989,11.588,新客试探,0
89.044,7.639,3899.6,219.329,0.0,0.423,2.584,0.739,3.761,0.216,0.0,31.469,价格敏感,0
50.433,11.099,3531.333,177.195,0.088,0.241,3.378,41.149,7.405,0.419,0.222,23.889,价格敏感,1
97.628,3.988,912.37,210.473,0.104,0.016,6.498,39.634,6.534,0.351,1.477,55.652,新客试探,0
78.003,21.795,1892.613,227.265,0.157,0.175,4.166,11.408,8.576,0.184,2.205,29.856,新客试探,0
67.376,14.968,167.769,217.947,0.096,0.518,3.648,26.876,10.359,0.235,0.0,23.238,价格敏感,1
52.292,16.413,3025.681,363.467,0.008,0.438,7.73,15.002,8.35,0.18,0.0,31.225,高价值忠诚,0
50.902,3.871,2509.597,258.07,0.076,0.333,5.95,23.002,5.256,0.431,1.57,31.075,价格敏感,1
49.506,24.216,3478.208,211.972,0.051,0.179,5.451,46.369,4.894,0.168,1.846,11.833,高价值忠诚,0
78.739,12.507,3391.043,184.905,0.034,0.489,3.994,18.957,3.009,0.242,0.772,10.583,价格敏感,1
60.929,22.567,4412.785,306.507,0.041,0.198,7.346,41.437,6.815,0.21,0.0,31.787,高价值忠诚,0
82.684,13.533,2910.782,170.213,0.129,0.358,4.037,27.078,6.965,0.206,2.207,15.951,新客试探,0
77.982,8.142,2706.829,240.833,0.144,0.23,3.594,42.12,1.887,0.461,1.839,15.325,新客试探,0
78.965,12.975,1422.514,276.891,0.13,0.432,5.526,28.055,7.961,0.213,2.447,19.112,新客试探,1
116.643,7.485,3331.72,195.635,0.101,0.039,6.036,14.753,7.729,0.203,1.279,22.554,新客试探,0
69.584,13.806,3342.961,236.494,0.069,0.191,8.004,20.694,9.092,0.226,2.627,49.128,高价值忠诚,0
87.445,5.094,4967.798,233.451,0.141,0.103,6.519,28.974,9.203,0.544,2.259,24.14,新客试探,0
78.588,18.071,1414.448,205.853,0.087,0.19,6.533,25.215,8.861,0.189,1.162,29.241,新客试探,0
89.088,12.551,3455.473,233.654,0.047,0.193,4.476,5.409,9.36,0.532,0.843,23.604,新客试探,1
79.238,6.31,3488.824,239.496,0.152,0.012,5.331,34.541,4.95,0.327,0.983,11.304,新客试探,0
59.801,18.339,2579.307,261.419,0.11,0.225,1.61,36.182,6.725,0.171,1.098,25.688,价格敏感,0
0.0,19.044,2448.758,181.902,0.039,0.373,5.787,23.632,5.453,0.256,0.0,39.096,高价值忠诚,1
30.848,8.335,1497.105,227.027,0.039,0.249,6.885,17.056,9.406,0.132,1.937,13.634,价格敏感,1
91.81,4.222,2252.683,302.63,0.0,0.43,3.996,27.622,6.246,0.393,1.795,21.899,价格敏感,1
58.603,11.187,2549.639,142.696,0.121,0.253,6.241,51.36,5.771,0.251,1.548,7.572,价格敏感,1
68.644,14.51,3544.859,262.279,0.063,0.3,10.059,30.195,6.887,0.542,0.0,31.819,高价值忠诚,0
68.541,10.749,2445.115,224.447,0.098,0.357,1.66,31.188,11.066,0.305,3.151,8.407,价格敏感,0
107.484,14.688,3570.817,173.541,0.158,0.308,2.868,50.997,8.386,0.352,0.368,7.912,新客试探,0
80.49,10.547,2161.186,154.1,0.089,0.556,6.633,25.242,5.07,0.196,0.47,17.96,价格敏感,1
58.791,8.77,667.396,268.459,0.098,0.084,5.123,27.091,7.787,0.298,2.908,19.61,新客试探,0
69.286,15.034,2659.434,212.831,0.122,0.227,3.342,38.993,9.543,0.333,1.521,11.485,新客试探,1
76.12,22.192,2104.63,284.172,0.068,0.107,5.991,17.329,6.65,0.347,2.629,7.454,新客试探,1
63.021,10.097,1380.589,206.28,0.016,0.042,5.93,12.266,9.609,0.287,3.075,17.196,新客试探,0
76.656,13.325,3190.372,247.992,0.062,0.434,4.259,23.977,8.016,0.277,0.787,26.683,价格敏感,0
53.023,16.141,2005.898,370.32,0.04,0.104,3.79,25.176,7.67,0.364,0.651,35.407,高价值忠诚,1
33.33,8.494,3751.366,241.864,0.188,0.367,5.622,47.081,6.969,0.294,1.907,25.858,新客试探,1
90.349,10.347,2103.9,201.525,0.098,0.27,4.759,29.041,9.939,0.363,1.97,29.147,新客试探,0
96.949,11.162,1705.089,239.458,0.056,0.438,2.337,20.891,6.421,0.22,3.128,11.734,价格敏感,0
30.275,14.993,2580.25,109.233,0.133,0.214,5.356,17.877,5.632,0.261,2.297,15.278,新客试探,1
100.235,15.903,2136.171,206.666,0.151,0.294,2.89,47.297,5.253,0.394,1.857,22.774,新客试探,1
74.401,23.389,4573.944,198.738,0.07,0.287,7.155,22.783,5.544,0.361,0.759,28.249,高价值忠诚,0
46.108,13.875,3710.501,387.259,0.043,0.338,5.64,25.847,7.97,0.444,0.769,25.087,高价值忠诚,1
103.85,10.979,1660.015,296.906,0.136,0.363,5.257,29.077,8.497,0.236,2.237,26.511,新客试探,1
130.565,4.296,3437.212,204.857,0.1,0.468,3.866,20.31,3.958,0.25,0.855,34.858,价格敏感,0
7.935,18.634,5104.142,299.845,0.0,0.225,8.659,27.388,11.172,0.217,0.763,28.259,高价值忠诚,1
141.85,17.317,1670.948,288.909,0.181,0.182,5.116,35.324,8.559,0.288,0.792,12.222,新客试探,0
62.36,10.395,2798.455,267.766,0.04,0.341,6.666,34.527,12.321,0.287,0.0,32.019,高价值忠诚,0
29.084,11.75,3166.885,257.666,0.034,0.219,5.783,29.055,5.011,0.336,0.0,34.386,高价值忠诚,1
75.127,14.785,985.401,181.573,0.199,0.247,3.437,25.56,5.68,0.146,3.149,30.477,新客试探,1
63.55,10.636,2639.644,252.589,0.087,0.334,3.634,35.479,10.21,0.489,0.736,18.883,价格敏感,0
76.249,16.172,2320.257,176.177,0.154,0.208,8.284,32.313,3.516,0.4,1.767,13.58,新客试探,0
65.344,19.963,4900.227,334.732,0.0,0.24,4.143,29.067,7.285,0.409,1.89,21.346,高价值忠诚,0
36.002,22.039,2359.702,76.302,0.095,0.371,4.945,43.064,11.443,0.23,0.0,4.698,价格敏感,0
48.947,16.58,3611.994,290.556,0.084,0.281,5.124,30.071,6.256,0.511,0.0,22.57,高价值忠诚,1
31.338,10.516,1949.314,198.199,0.135,0.123,3.234,28.311,5.444,0.399,0.0,33.416,新客试探,1
39.408,14.963,2420.122,222.965,0.052,0.207,5.78,28.449,5.493,0.319,1.573,20.755,新客试探,1
78.779,6.223,3022.005,86.47,0.113,0.136,7.09,21.522,5.231,0.156,2.946,27.229,新客试探,1
32.547,8.342,3391.237,220.799,0.082,0.213,3.443,28.064,5.704,0.526,0.408,18.775,新客试探,1
36.376,18.987,4678.555,357.78,0.0,0.228,7.361,28.908,7.767,0.311,0.349,29.596,高价值忠诚,0
97.286,9.599,2561.74,314.187,0.003,0.539,7.507,50.475,8.91,0.299,1.296,21.327,价格敏感,0
81.92,19.399,4333.694,324.102,0.13,0.155,9.195,25.647,8.359,0.262,0.871,32.579,高价值忠诚,0
5.91,2.404,3196.083,132.115,0.111,0.344,3.009,32.709,11.367,0.325,0.253,26.235,价格敏感,1
18.139,22.003,3296.511,314.687,0.074,0.217,5.966,17.869,2.344,0.278,0.0,42.688,高价值忠诚,0
22.222,7.538,2514.896,131.677,0.087,0.252,5.678,31.201,9.499,0.607,1.153,9.353,价格敏感,1
30.646,8.978,2316.659,296.926,0.102,0.411,4.499,13.129,7.082,0.312,2.909,5.586,价格敏感,1
94.568,20.09,3736.956,171.672,0.089,0.415,5.403,39.259,4.486,0.233,0.777,28.122,新客试探,0
40.73,14.652,2542.076,199.632,0.039,0.283,4.997,23.936,7.845,0.222,1.789,16.164,新客试探,0
113.849,18.457,2419.137,253.757,0.136,0.303,6.018,38.661,7.29,0.189,2.047,17.422,新客试探,0
33.348,15.931,2662.843,156.066,0.079,0.566,4.098,23.378,6.996,0.334,1.644,29.585,价格敏感,1
78.633,9.589,2986.506,206.479,0.04,0.516,4.111,31.389,8.065,0.293,1.822,9.092,价格敏感,0
96.563,10.282,3947.057,236.568,0.114,0.096,6.724,15.17,6.574,0.364,1.905,35.512,新客试探,0
110.052,18.846,3520.689,240.997,0.097,0.111,6.176,27.554,7.444,0.424,0.472,54.734,新客试探,0
109.502,19.421,1003.857,225.119,0.07,0.201,4.478,39.974,5.415,0.16,1.379,34.506,新客试探,1
65.907,15.935,1679.852,285.754,0.048,0.037,4.534,54.895,11.906,0.172,1.423,43.833,新客试探,1
0.0,21.224,3103.921,278.977,0.109,0.231,6.182,21.993,6.43,0.534,0.0,30.129,高价值忠诚,1
141.79,6.071,3345.547,274.562,0.078,0.275,0.414,20.279,7.345,0.271,1.403,34.762,新客试探,0
83.462,13.205,4723.423,48.144,0.106,0.429,3.45,5.557,5.751,0.316,0.838,16.868,价格敏感,0
11.234,9.395,2352.353,78.815,0.147,0.394,4.011,30.23,5.348,0.204,0.303,27.375,价格敏感,1
36.551,22.047,3451.956,287.72,0.025,0.228,4.897,49.328,4.782,0.339,0.95,26.968,高价值忠诚,0
11.306,22.16,4949.751,290.461,0.072,0.453,7.653,31.045,4.341,0.157,1.192,24.22,高价值忠诚,0
39.452,4.742,1955.838,173.179,0.099,0.194,2.975,20.412,9.777,0.191,2.277,27.519,新客试探,1
79.232,8.731,4021.683,184.348,0.129,0.384,4.743,14.394,6.233,0.271,2.356,11.443,价格敏感,0
0.0,12.04,3840.411,113.904,0.077,0.351,4.335,38.061,10.049,0.644,0.525,10.551,价格敏感,1
64.963,15.758,3895.061,273.424,0.112,0.346,3.293,29.45,8.887,0.233,1.646,18.925,新客试探,0
47.859,13.226,3655.247,287.724,0.039,0.342,4.854,26.959,8.184,0.538,0.968,21.439,高价值忠诚,0
104.819,9.577,2422.929,286.633,0.128,0.408,3.671,28.559,5.738,0.49,3.053,19.034,新客试探,1
41.748,9.312,4418.988,166.219,0.131,0.407,3.885,34.998,12.041,0.356,2.332,24.959,价格敏感,1
32.849,24.811,4032.335,242.932,0.11,0.171,6.619,40.226,6.342,0.303,0.0,33.006,高价值忠诚,1
63.873,0.0,3382.893,228.869,0.013,0.281,2.598,45.479,6.564,0.428,2.193,16.594,价格敏感,1
78.135,4.291,2242.101,271.173,0.187,0.177,3.214,22.336,9.406,0.445,0.977,23.478,新客试探,1
90.702,19.553,2239.629,213.928,0.1,0.278,2.634,22.727,8.522,0.448,1.773,40.562,新客试探,0
110.389,8.658,1926.376,280.204,0.125,0.273,4.07,38.004,6.826,0.262,1.604,22.155,新客试探,0
60.491,16.311,3620.069,237.266,0.025,0.585,0.156,18.981,1.989,0.196,0.608,42.76,价格敏感,1
83.782,13.44,3612.366,267.711,0.102,0.339,4.197,44.285,8.65,0.527,1.685,24.749,新客试探,0
30.446,3.703,1379.652,136.892,0.0,0.481,5.631,24.563,3.702,0.488,0.305,16.054,价格敏感,1
55.108,12.525,2358.641,82.003,0.098,0.423,8.179,20.787,5.362,0.217,1.137,15.471,价格敏感,0
21.974,14.528,2459.062,265.204,0.031,0.357,5.703,8.474,9.281,0.394,1.239,32.288,高价值忠诚,1
52.255,1.338,2411.689,78.16,0.112,0.424,5.073,41.398,6.504,0.151,0.619,7.5,价格敏感,1
70.719,16.526,2001.708,183.145,0.081,0.467,5.367,16.955,5.548,0.401,1.699,26.334,价格敏感,0
29.407,7.386,2845.832,156.474,0.06,0.411,2.235,38.534,10.212,0.27,0.081,30.71,价格敏感,0
91.602,7.966,3563.95,301.43,0.101,0.442,2.486,27.737,7.869,0.151,1.326,21.703,价格敏感,0
64.58,16.557,2936.355,273.164,0.048,0.303,2.84,16.023,8.722,0.441,1.414,25.472,价格敏感,0
82.899,7.842,2763.295,200.761,0.134,0.305,6.709,23.984,7.337,0.339,2.246,22.785,新客试探,0
80.96,7.22,1717.094,204.085,0.118,0.358,3.596,7.846,7.736,0.298,1.673,16.321,新客试探,0
38.223,9.36,2307.907,288.659,0.051,0.385,1.045,27.667,7.121,0.382,0.0,24.186,价格敏感,1
28.114,24.303,2936.565,240.128,0.149,0.161,8.213,10.548,11.738,0.43,0.0,45.372,高价值忠诚,0
44.569,10.164,2028.498,139.514,0.112,0.238,5.105,23.55,4.346,0.283,3.536,17.835,新客试探,1
76.764,13.475,3238.074,340.003,0.114,0.262,5.334,50.521,8.178,0.347,1.745,25.296,价格敏感,0
68.279,7.795,2384.031,183.056,0.12,0.513,2.995,22.581,9.837,0.354,3.556,29.022,价格敏感,1
103.245,6.642,2725.294,135.346,0.085,0.4,4.637,43.38,11.747,0.38,0.629,23.882,价格敏感,0
51.841,5.962,2374.198,253.108,0.18,0.505,4.876,29.911,7.971,0.288,0.506,10.566,价格敏感,1
17.273,20.008,3627.822,310.708,0.0,0.358,6.995,39.736,7.581,0.319,0.603,37.239,高价值忠诚,0
102.351,8.711,2173.101,246.63,0.071,0.285,5.029,21.415,7.052,0.144,0.551,16.928,价格敏感,0
0.0,12.896,3382.32,212.557,0.076,0.251,5.499,2.506,6.519,0.383,1.073,33.172,高价值忠诚,1
99.321,9.078,1218.485,129.602,0.136,0.364,2.021,20.488,6.813,0.516,1.94,16.83,价格敏感,1
59.87,15.32,2779.84,263.262,0.071,0.323,5.42,27.369,8.475,0.371,0.251,26.424,新客试探,0
4.607,15.178,3289.505,202.322,0.0,0.201,5.295,39.153,6.795,0.248,0.837,24.182,高价值忠诚,1
45.016,8.243,2138.926,124.45,0.148,0.321,2.781,25.933,8.676,0.432,1.811,17.113,新客试探,1
16.4,5.388,2895.713,211.608,0.08,0.428,5.413,18.264,7.744,0.212,0.0,17.043,价格敏感,1
24.04,11.678,1756.805,163.486,0.086,0.417,6.059,26.749,5.291,0.244,0.0,21.601,价格敏感,1
90.853,21.162,1515.123,143.248,0.144,0.302,4.665,35.948,2.333,0.537,1.403,13.794,新客试探,0
89.771,7.485,2405.072,209.023,0.028,0.276,3.844,17.041,2.594,0.42,2.264,29.766,价格敏感,1
80.85,10.925,2647.141,158.173,0.081,0.525,6.834,15.383,9.149,0.442,1.367,38.568,价格敏感,0
27.269,12.806,2975.921,337.093,0.102,0.217,6.852,32.745,10.29,0.393,4.474,30.148,新客试探,1
6.968,18.636,3104.805,302.423,0.047,0.159,3.722,23.977,8.403,0.594,0.876,41.404,高价值忠诚,1
45.685,10.115,3810.01,129.476,0.088,0.495,3.467,30.104,10.333,0.321,0.314,32.148,价格敏感,0
77.38,7.727,799.4,173.286,0.107,0.229,7.441,31.342,7.498,0.284,0.051,15.42,价格敏感,1
0.0,7.459,421.548,141.593,0.079,0.471,4.2,40.483,6.732,0.41,2.492,32.334,价格敏感,1
29.589,14.426,2760.8,240.308,0.051,0.224,7.51,30.659,10.283,0.283,0.208,35.83,高价值忠诚,0
83.967,16.898,4024.948,413.042,0.086,0.282,9.249,32.666,7.479,0.27,0.0,42.836,高价值忠诚,1
47.971,0.97,2733.56,242.847,0.101,0.21,3.64,27.157,8.49,0.268,1.63,23.022,新客试探,1
44.332,19.299,4591.384,288.388,0.0,0.148,7.228,27.795,5.982,0.188,1.37,29.545,高价值忠诚,1
41.532,13.457,4776.734,254.987,0.04,0.192,4.793,21.941,8.311,0.514,0.0,40.587,高价值忠诚,1
91.434,16.506,1776.509,166.856,0.107,0.024,4.558,29.172,8.303,0.294,2.677,37.762,新客试探,0
34.543,19.481,3784.739,292.517,0.072,0.138,9.187,33.47,11.54,0.261,0.0,32.263,高价值忠诚,0
133.849,20.89,3995.006,289.028,0.092,0.244,1.885,39.846,4.736,0.398,3.026,0.0,新客试探,0
66.706,13.088,2867.528,218.089,0.062,0.566,3.527,49.666,7.633,0.368,0.938,10.498,价格敏感,1
81.527,5.615,2787.968,138.482,0.043,0.42,2.111,31.311,5.879,0.214,3.277,5.736,价格敏感,1
114.181,16.393,3976.06,345.019,0.082,0.399,6.064,35.545,8.223,0.327,1.187,39.184,高价值忠诚,0
50.982,10.953,1973.183,165.463,0.138,0.389,4.543,19.131,10.543,0.419,2.044,14.218,新客试探,1
55.771,27.044,3953.523,238.204,0.038,0.407,7.23,37.015,3.682,0.412,0.265,44.424,高价值忠诚,1
67.66,8.509,2345.192,265.434,0.045,0.512,4.539,32.903,10.32,0.501,1.106,20.877,价格敏感,1
49.578,11.442,3385.481,270.546,0.041,0.454,5.156,10.833,8.266,0.29,0.665,13.881,价格敏感,1
76.719,7.804,2265.857,191.108,0.097,0.23,1.094,24.344,8.487,0.262,1.266,21.458,价格敏感,0
49.035,14.426,3748.562,162.483,0.018,0.152,4.993,15.377,9.728,0.229,0.0,37.737,高价值忠诚,0
31.482,16.046,4241.284,177.281,0.067,0.235,6.324,24.972,8.105,0.181,0.513,39.257,高价值忠诚,0
43.664,21.512,1789.638,250.718,0.008,0.362,3.24,28.766,8.439,0.371,2.167,41.536,高价值忠诚,1
76.058,12.789,2267.458,248.278,0.132,0.341,3.22,28.053,6.289,0.389,2.492,21.111,新客试探,1
118.109,15.55,2221.326,213.938,0.204,0.263,3.949,38.281,9.325,0.316,0.763,32.409,新客试探,0
103.852,9.297,2078.897,211.205,0.121,0.173,4.564,18.111,7.955,0.27,1.602,19.146,新客试探,0
88.073,13.064,1816.772,246.151,0.107,0.164,0.586,18.545,9.147,0.466,0.0,48.722,价格敏感,0
112.097,13.9,2802.62,275.436,0.1,0.378,5.749,33.077,9.254,0.359,2.877,34.338,新客试探,0
80.793,5.087,2047.118,124.253,0.089,0.04,5.963,44.225,2.599,0.162,3.18,25.124,新客试探,0
40.376,0.0,2106.21,245.06,0.069,0.397,4.192,27.783,4.578,0.47,1.648,14.445,价格敏感,1
59.628,3.555,191.753,167.173,0.138,0.405,2.998,32.314,8.129,0.172,1.692,11.563,价格敏感,1
79.748,17.845,2126.286,208.7,0.071,0.239,6.758,32.374,8.603,0.458,1.635,12.593,价格敏感,0
87.955,15.776,2419.008,154.324,0.127,0.31,3.719,23.306,6.93,0.144,1.63,32.817,新客试探,0
103.741,11.229,3695.152,176.124,0.141,0.24,5.422,16.791,6.796,0.436,4.379,28.267,新客试探,0
88.033,24.52,2590.104,278.874,0.083,0.227,6.12,33.45,7.615,0.328,0.024,32.089,高价值忠诚,1
62.147,15.429,2954.54,281.374,0.043,0.453,3.009,53.681,10.033,0.298,1.396,19.427,价格敏感,0
69.893,18.283,4242.934,334.922,0.026,0.292,7.207,30.413,10.334,0.186,0.545,24.302,高价值忠诚,0
55.459,7.093,1907.714,285.396,0.052,0.437,5.936,35.775,7.025,0.21,0.7,23.327,价格敏感,1
28.434,16.049,1823.294,222.768,0.096,0.366,5.143,25.071,11.627,0.277,3.66,12.977,价格敏感,1
23.147,10.777,2598.93,126.39,0.076,0.606,7.179,27.898,6.267,0.356,0.768,21.132,价格敏感,1
41.706,23.327,3985.737,192.457,0.1,0.381,8.28,39.714,8.748,0.429,0.0,49.301,高价值忠诚,1
80.24,13.204,2882.074,131.094,0.042,0.343,4.282,29.746,7.549,0.298,1.002,22.425,价格敏感,0
28.95,17.36,2930.199,164.614,0.093,0.375,5.306,27.917,6.285,0.304,2.409,22.597,价格敏感,1
6.8,26.378,3214.892,193.784,0.086,0.279,6.977,20.823,5.956,0.559,0.0,43.423,高价值忠诚,0
75.2,15.293,841.63,194.206,0.048,0.272,4.572,40.416,1.907,0.338,2.464,15.724,价格敏感,0
76.938,15.29,1528.678,188.113,0.087,0.57,1.33,26.488,7.464,0.098,1.66,9.375,价格敏感,1
120.342,6.773,3193.099,246.969,0.091,0.441,3.855,28.436,11.765,0.136,2.239,19.419,价格敏感,0
77.998,12.927,1711.719,217.586,0.139,0.128,3.317,26.542,6.665,0.296,0.068,23.189,新客试探,0
43.709,6.354,3410.145,232.486,0.103,0.532,2.086,46.473,5.972,0.189,1.585,9.116,价格敏感,1
55.345,11.828,3013.198,199.764,0.071,0.251,3.174,19.211,4.219,0.526,3.179,22.652,价格敏感,0
37.596,15.225,3401.785,164.231,0.039,0.32,5.562,44.239,7.075,0.347,1.722,34.687,高价值忠诚,1
23.09,20.257,3195.876,225.698,0.027,0.23,4.072,52.275,3.704,0.287,0.0,29.298,高价值忠诚,0
5.937,13.888,3371.944,327.375,0.0,0.183,6.796,30.012,4.386,0.281,0.888,16.412,高价值忠诚,1
48.323,14.402,2468.427,180.98,0.044,0.425,6.049,34.324,6.448,0.398,0.0,38.571,新客试探,1
25.64,13.824,5028.881,285.005,0.039,0.196,6.742,29.144,6.498,0.325,1.249,5.318,高价值忠诚,1
12.003,5.298,3497.732,95.877,0.03,0.348,3.957,32.724,8.033,0.31,0.187,21.495,价格敏感,1
54.125,28.374,3886.727,223.739,0.115,0.158,7.103,30.048,6.055,0.231,0.467,27.39,高价值忠诚,0
108.522,6.878,2984.67,209.974,0.056,0.477,3.938,51.173,10.943,0.278,2.635,12.587,价格敏感,1
74.029,14.114,1213.159,159.163,0.116,0.384,5.119,45.118,6.473,0.431,2.281,24.716,新客试探,0
39.952,10.687,3105.125,198.391,0.128,0.364,5.555,33.451,10.875,0.066,1.417,26.661,价格敏感,1
58.274,6.345,2603.903,283.827,0.111,0.224,3.837,11.229,8.88,0.264,0.787,25.032,新客试探,1
70.246,7.381,2817.57,268.332,0.056,0.062,3.899,32.484,3.89,0.218,3.081,22.054,新客试探,0
53.494,3.545,1755.899,114.382,0.115,0.35,2.634,25.82,7.571,0.107,2.146,26.788,价格敏感,0
87.247,22.095,2535.186,162.124,0.112,0.241,4.814,31.924,10.284,0.188,0.408,19.85,新客试探,0
55.511,13.216,3349.73,262.59,0.061,0.115,1.74,26.677,8.517,0.238,1.521,39.401,新客试探,0
92.329,7.199,1472.021,230.854,0.107,0.53,1.773,29.913,6.253,0.281,2.073,9.327,价格敏感,0
73.272,11.927,2441.261,149.085,0.122,0.253,4.218,38.045,7.232,0.256,1.619,21.624,价格敏感,1
47.675,21.619,4685.315,201.559,0.065,0.226,4.606,17.556,9.637,0.192,1.306,29.356,高价值忠诚,0
57.622,12.404,2404.738,248.642,0.178,0.394,2.686,9.421,10.052,0.172,1.999,13.783,价格敏感,1
71.366,15.481,3394.902,89.48,0.064,0.32,3.415,31.869,9.443,0.335,1.285,23.122,新客试探,0
58.464,9.916,890.74,164.05,0.089,0.477,4.988,43.589,4.503,0.527,0.789,14.773,价格敏感,0
115.9,11.592,1599.448,269.914,0.193,0.329,7.415,15.755,5.992,0.279,1.659,32.377,新客试探,0
79.034,16.86,2142.832,159.726,0.121,0.598,6.339,36.239,7.569,0.383,1.602,31.997,新客试探,0
41.106,13.55,1892.951,240.005,0.073,0.037,3.942,25.423,9.257,0.409,3.161,21.155,新客试探,1
70.401,18.437,988.971,198.265,0.0,0.349,2.664,14.336,2.096,0.327,1.085,7.534,价格敏感,0
32.354,12.837,2365.648,407.542,0.063,0.283,2.327,26.905,4.05,0.262,2.103,11.668,新客试探,1
41.477,12.004,2961.632,138.631,0.067,0.502,3.679,23.597,6.405,0.427,0.53,24.084,价格敏感,0
59.548,6.602,3904.053,264.114,0.114,0.0,5.383,25.563,8.207,0.257,1.26,17.182,新客试探,1
9.807,11.083,2125.345,261.689,0.054,0.262,6.634,19.136,2.978,0.271,1.325,33.675,高价值忠诚,1
98.223,15.434,2943.452,160.622,0.103,0.493,5.209,29.633,7.104,0.257,0.868,23.942,价格敏感,0
62.117,8.425,3068.429,275.361,0.027,0.339,0.0,33.847,10.083,0.347,0.0,25.757,价格敏感,1
1.517,11.011,4699.034,216.106,0.037,0.221,5.179,27.862,5.746,0.296,0.152,33.75,高价值忠诚,1
61.693,7.065,1388.627,211.848,0.059,0.369,1.898,44.837,8.684,0.394,0.712,17.421,价格敏感,0
74.322,12.949,3381.642,77.363,0.083,0.465,3.436,43.654,7.303,0.385,0.648,17.105,价格敏感,1
69.099,9.791,3847.284,337.798,0.071,0.321,3.045,22.033,5.729,0.305,0.172,36.692,高价值忠诚,1
61.512,14.138,27.379,179.88,0.135,0.337,0.758,31.652,7.487,0.277,1.264,22.596,价格敏感,1
31.88,20.488,3706.252,256.844,0.081,0.346,5.507,30.964,10.835,0.15,0.0,29.573,高价值忠诚,0
96.239,9.991,1911.378,154.03,0.081,0.455,4.093,54.223,10.025,0.298,2.395,9.119,价格敏感,0
82.68,7.751,2003.252,260.224,0.082,0.43,3.838,31.275,6.103,0.456,0.166,28.292,价格敏感,1
45.568,8.189,1050.9,118.554,0.085,0.44,5.654,35.25,4.637,0.552,1.396,12.987,价格敏感,0
20.611,28.08,1782.898,358.97,0.027,0.074,9.098,24.418,10.334,0.349,0.473,42.664,高价值忠诚,0
45.502,10.342,3142.909,77.505,0.1,0.355,5.378,27.095,3.474,0.428,0.643,16.858,新客试探,0
71.178,15.854,2937.747,138.267,0.062,0.41,4.67,29.424,10.398,0.105,1.758,27.253,价格敏感,0
17.603,21.115,3536.657,371.879,0.096,0.131,6.453,23.522,6.71,0.335,1.656,28.054,高价值忠诚,0
54.834,17.101,2883.485,293.714,0.093,0.238,4.8,16.229,9.797,0.245,1.737,37.37,新客试探,0
58.85,11.645,3006.922,182.928,0.078,0.149,5.023,29.036,7.516,0.28,0.918,18.591,新客试探,1
85.795,16.135,1449.631,127.877,0.093,0.272,2.933,30.491,5.359,0.07,1.068,19.456,价格敏感,0
56.035,4.844,2814.636,152.324,0.073,0.464,4.613,27.288,6.92,0.35,1.151,14.725,价格敏感,0
22.184,21.058,3355.573,249.928,0.0,0.417,5.138,27.397,9.277,0.421,0.01,30.124,高价值忠诚,1
91.525,20.878,4814.488,209.233,0.092,0.226,4.64,28.289,8.613,0.42,1.056,12.068,新客试探,0
99.26,14.126,1708.545,157.66,0.094,0.507,3.184,38.557,7.811,0.226,1.096,13.504,价格敏感,0
74.01,4.281,1996.953,261.307,0.087,0.377,4.191,50.508,5.538,0.413,0.553,29.944,价格敏感,0
71.204,10.746,2890.912,190.789,0.117,0.388,5.772,36.409,7.688,0.342,0.88,21.171,价格敏感,1
89.47,12.975,2595.09,230.325,0.101,0.366,1.821,25.454,8.321,0.315,0.758,1.754,价格敏感,0
28.064,26.443,3765.87,297.11,0.052,0.249,6.688,31.582,6.572,0.239,0.0,28.934,高价值忠诚,0
98.875,16.858,1848.921,219.154,0.106,0.173,7.908,19.564,8.582,0.364,2.414,28.563,新客试探,0
74.441,12.141,3546.852,291.57,0.052,0.166,3.958,29.541,5.124,0.222,1.344,15.352,新客试探,1
63.785,17.37,3300.072,372.43,0.046,0.334,6.23,25.723,6.246,0.393,0.0,17.518,高价值忠诚,1
104.983,12.642,4622.258,183.877,0.142,0.476,2.642,20.157,7.669,0.462,1.028,25.596,价格敏感,0
58.227,7.572,1949.871,220.877,0.079,0.602,0.0,17.732,8.171,0.306,0.815,34.15,价格敏感,1
61.576,18.18,2715.411,303.998,0.019,0.248,5.314,20.26,8.635,0.216,0.198,37.158,高价值忠诚,0
61.212,10.767,1537.41,258.462,0.121,0.16,7.968,27.934,10.126,0.438,1.521,21.666,新客试探,1
0.0,22.128,4052.22,368.621,0.03,0.36,8.77,26.069,6.237,0.437,0.0,21.543,高价值忠诚,0
38.509,9.394,1637.72,214.167,0.019,0.324,3.752,26.794,11.425,0.382,1.502,4.075,价格敏感,1
76.271,20.236,3394.101,277.003,0.119,0.295,5.669,38.316,10.04,0.259,0.859,34.607,新客试探,0
69.868,20.788,1928.69,368.944,0.007,0.414,3.608,31.46,7.177,0.27,1.343,30.958,高价值忠诚,0
11.16,13.716,3282.385,236.117,0.035,0.349,4.408,27.858,11.321,0.261,0.331,33.106,高价值忠诚,1
68.011,21.608,2433.402,148.898,0.106,0.346,5.111,36.107,4.651,0.294,0.084,22.096,价格敏感,0
105.945,9.43,5404.064,116.931,0.039,0.128,5.999,18.088,2.491,0.479,0.008,36.77,高价值忠诚,0
62.42,12.066,3694.876,201.195,0.079,0.274,2.289,19.65,6.562,0.343,1.475,14.707,新客试探,0
44.157,18.188,3042.356,271.568,0.083,0.266,6.525,17.402,5.38,0.269,0.0,20.229,高价值忠诚,1
38.698,4.95,1873.462,177.4,0.08,0.439,3.081,45.766,8.819,0.279,1.124,6.801,价格敏感,1
86.128,10.823,2511.301,171.951,0.048,0.315,3.7,0.0,7.287,0.188,0.505,20.524,价格敏感,1
72.554,19.883,3132.984,164.77,0.016,0.313,7.847,19.091,6.835,0.434,0.99,35.684,高价值忠诚,0
42.828,16.812,2831.514,243.721,0.087,0.313,3.304,30.48,10.746,0.406,2.979,15.282,价格敏感,0
