province,z,spatial_lag,quadrant
北京,0.108,0.291,HH
天津,0.313,0.24,HH
河北,0.174,0.275,HH
山西,0.026,0.079,HH
内蒙古,-0.25,0.155,LH
辽宁,1.276,1.18,HH
吉林,1.901,1.023,HH
黑龙江,2.397,0.899,HH
上海,0.842,0.898,HH
江苏,0.799,0.684,HH
浙江,1.422,0.753,HH
安徽,0.065,0.784,HH
福建,1.306,0.868,HH
江西,0.407,0.431,HH
山东,0.652,0.22,HH
河南,0.285,0.34,HH
湖北,0.508,0.151,HH
湖南,-0.155,0.216,LH
广东,-0.116,-0.229,LL
广西,-0.646,-0.618,LL
海南,-0.523,-0.425,LL
重庆,-0.999,-0.751,LL
四川,-0.83,-1.015,LL
贵州,-0.786,-0.88,LL
云南,-1.046,-0.815,LL
西藏,-1.575,-1.071,LL
陕西,-0.342,-0.437,LL
甘肃,-1.228,-0.853,LL
青海,-1.179,-0.865,LL
宁夏,-1.059,-0.75,LL
新疆,-1.747,-1.26,LL
