province,lon,lat,code,gdp_yi,gdp_pc,pop_wan
北京,116.4,39.9,110000,6547.5,125852.0,520.3
天津,117.2,39.1,120000,7894.6,136746.0,577.3
河北,114.5,38.0,130000,15823.7,129391.0,1222.9
山西,112.5,37.9,140000,6644.5,121506.0,546.8
内蒙古,111.7,40.8,150000,8726.1,106829.0,816.8
辽宁,123.4,41.8,210000,11005.7,187913.0,585.7
吉林,125.3,43.9,220000,16191.1,221129.0,732.2
黑龙江,126.6,45.8,230000,11015.4,247466.0,445.1
上海,121.5,31.2,310000,3776.7,164877.0,229.1
江苏,118.8,32.1,320000,27216.2,162558.0,1674.2
浙江,120.2,30.3,330000,12660.8,195695.0,647.0
安徽,117.3,31.9,340000,936.8,123571.0,75.8
福建,119.3,26.1,350000,7988.9,189493.0,421.6
江西,115.9,28.7,360000,8914.0,141746.0,628.9
山东,117.0,36.7,370000,8461.8,154767.0,546.7
河南,113.6,34.8,410000,4692.8,135274.0,346.9
湖北,114.3,30.6,420000,17052.3,147097.0,1159.3
湖南,113.0,28.2,430000,10544.6,111899.0,942.3
广东,113.3,23.1,440000,9962.1,113973.0,874.1
广西,108.3,22.8,450000,17909.3,85831.0,2086.6
海南,110.3,20.0,460000,6230.8,92328.0,674.9
重庆,106.5,29.6,500000,9895.1,67036.0,1476.1
四川,104.1,30.7,510000,6731.1,76013.0,885.5
贵州,106.7,26.6,520000,12213.4,78378.0,1558.3
云南,102.7,25.0,530000,13301.6,64555.0,2060.5
西藏,91.1,29.6,540000,17211.4,36431.0,4724.4
陕西,108.9,34.3,610000,6094.0,101969.0,597.6
甘肃,103.8,36.1,620000,18431.3,54897.0,3357.4
青海,101.8,36.6,630000,12901.4,57493.0,2244.0
宁夏,106.3,38.5,640000,6140.5,63838.0,961.9
新疆,87.6,43.8,650000,5771.6,27305.0,2113.8
