respondent_id,city,channel,education,age,income_k,satisfaction,spend_k,revisit
R0001,广州,门店,本科,49,12.8,3.0,1.1,False
R0002,北京,线上,本科,36,19.1,4.0,4.48,True
R0003,深圳,门店,本科,22,11.1,4.0,10.22,False
R0004,成都,线上,高中及以下,39,13.2,4.0,1.38,False
R0005,上海,线上,本科,38,33.9,5.0,7.1,False
R0006,广州,线上,本科,43,9.2,5.0,4.18,False
R0007,杭州,线上,本科,37,12.0,4.0,7.19,True
R0008,上海,线上,本科,33,10.1,3.0,4.04,True
R0009,北京,线上,高中及以下,50,36.4,4.0,5.32,True
R0010,西安,线上,高中及以下,19,21.6,5.0,3.86,True
R0011,上海,电话,本科,33,24.3,3.0,3.01,False
R0012,西安,线上,本科,40,10.1,5.0,4.35,True
R0013,武汉,门店,硕士及以上,42,12.7,4.0,6.66,False
R0014,北京,电话,高中及以下,43,17.9,4.0,4.6,True
R0015,北京,门店,本科,46,20.4,5.0,9.77,True
R0016,北京,门店,本科,26,14.0,2.0,7.24,False
R0017,深圳,线上,高中及以下,19,8.6,4.0,3.52,False
R0018,北京,电话,本科,39,,2.0,10.12,True
R0019,深圳,线上,本科,39,8.3,3.0,9.89,False
R0020,北京,线上,本科,20,3.3,4.0,2.29,True
R0021,深圳,线上,本科,28,21.2,5.0,8.71,True
R0022,上海,电话,硕士及以上,29,32.4,5.0,5.77,False
R0023,上海,线上,高中及以下,29,19.6,4.0,1.82,False
R0024,北京,线上,硕士及以上,21,10.9,3.0,3.33,True
R0025,广州,门店,本科,43,9.0,3.0,11.15,True
R0026,深圳,电话,本科,59,9.7,3.0,5.45,False
R0027,深圳,线上,高中及以下,41,11.8,5.0,0.96,True
R0028,深圳,门店,本科,39,11.7,4.0,6.4,True
R0029,广州,线上,硕士及以上,50,13.7,2.0,20.88,False
R0030,上海,门店,本科,21,10.6,3.0,3.79,True
R0031,深圳,门店,本科,53,21.2,3.0,1.53,True
R0032,深圳,线上,本科,29,,3.0,9.82,True
R0033,深圳,电话,本科,54,8.1,5.0,17.37,False
R0034,北京,线上,本科,50,19.5,5.0,3.78,False
R0035,深圳,门店,本科,30,7.9,3.0,5.74,True
R0036,上海,门店,高中及以下,40,29.0,4.0,3.89,False
R0037,深圳,线上,本科,59,27.3,4.0,2.2,False
R0038,成都,门店,本科,51,17.1,4.0,2.57,False
R0039,武汉,电话,硕士及以上,34,9.9,4.0,7.54,True
R0040,上海,线上,本科,29,9.4,5.0,6.08,True
R0041,成都,门店,本科,58,13.9,5.0,1.66,True
R0042,深圳,电话,本科,57,19.4,4.0,8.0,True
R0043,广州,线上,本科,30,10.0,5.0,16.71,False
R0044,成都,线上,本科,54,8.1,3.0,5.77,True
R0045,深圳,电话,高中及以下,18,19.5,3.0,2.85,False
R0046,成都,线上,本科,18,8.0,4.0,3.5,False
R0047,武汉,电话,高中及以下,44,31.3,5.0,6.25,False
R0048,广州,线上,本科,32,22.7,3.0,3.63,False
R0049,上海,电话,高中及以下,53,3.2,2.0,4.27,False
R0050,深圳,线上,本科,48,25.3,3.0,1.16,False
R0051,上海,门店,本科,20,15.5,3.0,1.7,True
R0052,北京,门店,高中及以下,43,27.8,1.0,5.49,False
R0053,西安,门店,本科,59,12.9,4.0,7.0,False
R0054,深圳,线上,高中及以下,25,14.3,4.0,5.82,False
R0055,杭州,线上,本科,26,11.5,4.0,5.39,False
R0056,杭州,电话,高中及以下,51,10.7,5.0,2.53,False
R0057,广州,线上,本科,21,10.9,4.0,5.46,False
R0058,北京,线上,本科,35,12.9,4.0,5.11,True
R0059,上海,门店,本科,26,8.3,3.0,4.51,True
R0060,上海,门店,本科,59,8.1,1.0,3.99,False
R0061,西安,线上,硕士及以上,53,13.5,4.0,10.57,False
R0062,深圳,线上,本科,25,34.7,5.0,4.34,True
R0063,深圳,门店,本科,41,12.4,4.0,8.23,False
R0064,成都,门店,本科,35,39.5,3.0,2.96,False
R0065,武汉,线上,硕士及以上,36,11.5,4.0,3.51,False
R0066,杭州,电话,本科,43,32.7,2.0,16.29,True
R0067,成都,线上,本科,43,4.8,3.0,3.48,False
R0068,杭州,门店,本科,37,8.0,4.0,4.52,False
R0069,上海,线上,高中及以下,36,8.7,3.0,8.55,True
R0070,深圳,门店,本科,61,29.3,3.0,3.96,True
R0071,上海,门店,本科,38,30.0,5.0,4.49,True
R0072,北京,线上,本科,45,29.5,1.0,6.08,False
R0073,深圳,线上,本科,55,8.0,4.0,3.14,True
R0074,上海,线上,本科,23,8.4,4.0,9.33,False
R0075,深圳,线上,高中及以下,20,18.3,2.0,3.36,False
R0076,广州,线上,硕士及以上,52,19.7,2.0,9.58,False
R0077,西安,线上,高中及以下,32,13.2,3.0,4.51,False
R0078,成都,门店,本科,47,9.3,3.0,6.27,False
R0079,杭州,门店,高中及以下,46,14.1,4.0,4.91,False
R0080,广州,线上,本科,29,11.5,4.0,4.86,False
R0081,北京,门店,高中及以下,41,8.2,4.0,3.06,True
R0082,武汉,线上,高中及以下,47,46.5,4.0,7.21,True
R0083,深圳,线上,本科,40,12.6,4.0,1.76,False
R0084,杭州,线上,本科,64,16.0,4.0,5.01,True
R0085,杭州,线上,本科,30,8.6,2.0,2.26,True
R0086,北京,电话,本科,48,16.8,4.0,13.83,True
R0087,上海,电话,本科,20,7.9,3.0,3.31,False
R0088,成都,线上,高中及以下,38,10.4,5.0,7.38,False
R0089,广州,线上,高中及以下,59,19.9,4.0,1.06,True
R0090,杭州,线上,本科,28,4.4,3.0,6.08,False
R0091,上海,线上,高中及以下,59,6.7,3.0,22.22,False
R0092,上海,门店,硕士及以上,42,7.9,1.0,5.26,False
R0093,杭州,门店,本科,58,10.8,4.0,2.41,True
R0094,北京,门店,硕士及以上,26,20.9,4.0,2.44,False
R0095,深圳,线上,硕士及以上,64,18.4,4.0,2.84,True
R0096,上海,门店,高中及以下,57,7.2,4.0,1.47,False
R0097,广州,线上,本科,47,14.9,5.0,1.52,False
R0098,上海,线上,本科,28,13.6,4.0,4.45,True
R0099,深圳,门店,硕士及以上,35,18.6,5.0,2.63,False
R0100,杭州,线上,高中及以下,18,8.5,1.0,4.85,True
R0101,杭州,电话,本科,50,10.8,4.0,4.06,False
R0102,广州,线上,高中及以下,46,8.3,2.0,13.47,False
R0103,上海,线上,本科,35,8.2,4.0,6.55,False
R0104,广州,线上,硕士及以上,49,12.6,4.0,7.16,True
R0105,深圳,线上,高中及以下,60,33.5,5.0,1.89,False
R0106,成都,电话,高中及以下,23,22.9,5.0,5.1,False
R0107,上海,线上,高中及以下,26,16.3,3.0,2.97,False
R0108,深圳,线上,本科,41,11.4,4.0,12.53,False
R0109,成都,电话,本科,33,8.5,4.0,4.72,False
R0110,北京,电话,本科,48,46.0,3.0,2.15,False
R0111,成都,线上,本科,53,13.1,4.0,3.77,True
R0112,上海,门店,高中及以下,19,12.5,3.0,4.0,False
R0113,北京,线上,本科,32,28.1,5.0,17.01,True
R0114,深圳,线上,本科,40,14.7,2.0,11.33,False
R0115,北京,电话,高中及以下,31,6.8,5.0,3.38,True
R0116,上海,线上,硕士及以上,20,6.3,4.0,7.41,True
R0117,北京,门店,本科,50,6.9,4.0,5.07,False
R0118,广州,线上,本科,52,8.3,4.0,15.45,True
R0119,上海,线上,高中及以下,24,9.8,4.0,4.13,False
R0120,北京,线上,高中及以下,54,25.1,4.0,5.07,False
R0121,上海,线上,本科,57,6.5,4.0,14.99,False
R0122,广州,线上,本科,60,9.6,4.0,9.12,True
R0123,上海,线上,本科,18,7.7,5.0,10.87,True
R0124,广州,门店,本科,59,9.1,5.0,3.47,False
R0125,上海,线上,本科,29,10.8,3.0,6.64,False
R0126,杭州,门店,本科,30,41.1,4.0,3.56,True
R0127,上海,线上,高中及以下,30,9.2,2.0,25.09,False
R0128,上海,电话,本科,18,20.7,2.0,5.93,False
R0129,深圳,线上,高中及以下,39,9.7,3.0,5.11,False
R0130,广州,电话,硕士及以上,54,14.3,2.0,3.72,True
R0131,武汉,线上,本科,58,19.1,4.0,7.27,False
R0132,北京,门店,本科,25,18.9,4.0,7.42,True
R0133,广州,线上,本科,65,6.8,5.0,5.64,False
R0134,上海,线上,高中及以下,40,17.3,1.0,2.47,False
R0135,杭州,门店,高中及以下,57,9.2,4.0,8.3,False
R0136,北京,线上,硕士及以上,29,7.8,3.0,6.66,True
R0137,上海,门店,高中及以下,55,17.8,4.0,6.65,True
R0138,成都,线上,本科,20,6.0,4.0,3.9,False
R0139,北京,线上,本科,49,18.2,3.0,7.57,True
R0140,成都,线上,本科,64,14.3,3.0,15.78,False
R0141,上海,门店,本科,21,3.1,3.0,6.31,True
R0142,深圳,线上,本科,37,11.2,5.0,7.07,False
R0143,深圳,线上,本科,45,14.6,3.0,3.58,True
R0144,杭州,线上,本科,62,15.5,3.0,7.06,True
R0145,深圳,门店,高中及以下,27,23.3,3.0,1.41,False
R0146,北京,电话,高中及以下,23,15.6,4.0,1.66,False
R0147,上海,门店,本科,59,13.6,2.0,3.69,True
R0148,北京,电话,高中及以下,47,11.6,4.0,9.84,False
R0149,成都,门店,本科,62,18.0,4.0,2.2,False
R0150,深圳,线上,本科,55,14.1,4.0,5.32,True
R0151,杭州,线上,高中及以下,48,16.1,4.0,11.1,False
R0152,北京,线上,高中及以下,49,15.6,2.0,3.62,True
R0153,深圳,门店,高中及以下,40,9.6,3.0,8.26,True
R0154,深圳,线上,高中及以下,19,8.7,2.0,3.1,False
R0155,武汉,线上,硕士及以上,39,6.6,4.0,8.05,False
R0156,北京,线上,本科,57,9.1,4.0,10.28,False
R0157,广州,线上,本科,31,11.2,5.0,4.77,False
R0158,武汉,线上,本科,26,12.8,2.0,5.45,True
R0159,杭州,门店,高中及以下,48,19.5,4.0,2.74,True
R0160,武汉,线上,本科,52,12.3,4.0,4.52,False
R0161,深圳,电话,本科,56,8.0,4.0,14.13,True
R0162,北京,线上,本科,24,21.1,4.0,5.21,False
R0163,杭州,线上,高中及以下,57,55.3,5.0,3.33,False
R0164,广州,门店,硕士及以上,33,29.0,4.0,2.75,False
R0165,成都,门店,本科,25,13.2,3.0,23.92,False
R0166,北京,线上,本科,41,13.7,4.0,4.7,True
R0167,成都,门店,高中及以下,41,,4.0,6.83,True
R0168,上海,电话,本科,27,6.7,3.0,1.42,True
R0169,深圳,线上,高中及以下,48,18.8,4.0,5.05,False
R0170,上海,电话,高中及以下,54,15.8,4.0,2.84,True
R0171,杭州,门店,本科,49,22.0,3.0,4.45,False
R0172,深圳,线上,高中及以下,26,24.3,4.0,1.75,False
R0173,杭州,门店,高中及以下,39,11.5,4.0,8.73,False
R0174,成都,线上,硕士及以上,45,5.0,4.0,1.52,False
R0175,杭州,电话,本科,52,9.0,2.0,5.64,False
R0176,北京,电话,硕士及以上,23,33.1,2.0,12.96,True
R0177,上海,门店,本科,34,14.4,2.0,2.26,True
R0178,北京,线上,本科,36,11.9,4.0,6.88,False
R0179,广州,线上,高中及以下,34,21.9,4.0,10.4,False
R0180,北京,门店,高中及以下,55,11.1,5.0,5.03,False
R0181,武汉,门店,高中及以下,47,16.0,2.0,4.6,False
R0182,西安,线上,本科,33,25.8,4.0,7.95,False
R0183,广州,线上,高中及以下,21,24.2,4.0,6.63,False
R0184,深圳,电话,本科,26,,2.0,8.0,True
R0185,成都,门店,本科,21,12.2,4.0,3.77,False
R0186,深圳,门店,硕士及以上,23,7.6,3.0,13.06,False
R0187,深圳,电话,高中及以下,49,6.4,4.0,3.41,True
R0188,广州,门店,本科,61,20.2,3.0,3.32,True
R0189,深圳,线上,硕士及以上,18,12.8,4.0,3.27,False
R0190,深圳,线上,本科,23,15.1,3.0,9.94,True
R0191,广州,线上,本科,53,16.6,4.0,1.91,False
R0192,杭州,门店,硕士及以上,55,9.4,4.0,5.86,False
R0193,广州,门店,硕士及以上,32,16.0,2.0,1.72,True
R0194,上海,门店,本科,45,4.6,4.0,5.55,True
R0195,上海,线上,高中及以下,50,12.3,4.0,5.27,False
R0196,深圳,门店,高中及以下,39,19.4,3.0,7.95,True
R0197,深圳,线上,本科,59,19.2,4.0,5.07,False
R0198,成都,门店,高中及以下,45,11.9,1.0,2.47,False
R0199,上海,线上,本科,41,14.9,3.0,4.47,False
R0200,北京,电话,高中及以下,22,9.5,4.0,5.73,True
R0201,北京,电话,本科,64,29.9,3.0,4.71,False
R0202,深圳,电话,高中及以下,64,11.8,2.0,12.45,False
R0203,上海,线上,本科,59,5.1,4.0,7.26,True
R0204,上海,线上,高中及以下,27,23.5,3.0,20.87,True
R0205,广州,线上,高中及以下,18,24.4,2.0,1.5,True
R0206,广州,电话,本科,46,12.0,4.0,17.04,False
R0207,杭州,电话,高中及以下,54,17.8,3.0,4.1,False
R0208,杭州,线上,本科,23,25.7,5.0,24.01,False
R0209,武汉,线上,高中及以下,53,8.6,2.0,5.67,True
R0210,广州,线上,硕士及以上,25,5.5,1.0,4.78,False
R0211,北京,门店,本科,26,8.6,2.0,6.95,False
R0212,上海,线上,本科,33,15.0,4.0,4.53,False
R0213,深圳,门店,高中及以下,62,9.8,3.0,9.05,False
R0214,广州,门店,本科,63,7.4,4.0,6.0,True
R0215,北京,电话,硕士及以上,19,5.8,4.0,10.55,True
R0216,北京,线上,本科,59,13.0,4.0,9.07,False
R0217,广州,门店,高中及以下,47,23.7,3.0,2.59,False
R0218,上海,电话,本科,42,18.8,4.0,2.35,False
R0219,深圳,线上,本科,26,12.1,5.0,5.04,False
R0220,杭州,线上,本科,30,8.1,4.0,4.67,False
R0221,深圳,电话,本科,48,7.5,5.0,5.92,False
R0222,深圳,电话,本科,32,11.7,5.0,15.11,False
R0223,北京,门店,高中及以下,21,9.4,2.0,2.88,False
R0224,武汉,线上,高中及以下,23,8.2,3.0,2.64,True
R0225,成都,门店,高中及以下,45,10.2,3.0,8.05,True
R0226,深圳,门店,本科,22,5.5,5.0,6.88,True
R0227,成都,门店,高中及以下,26,14.3,1.0,4.38,True
R0228,成都,线上,本科,62,35.3,5.0,5.72,True
R0229,武汉,门店,硕士及以上,62,7.2,3.0,3.98,False
R0230,广州,门店,高中及以下,24,10.6,3.0,10.6,False
R0231,杭州,线上,本科,55,6.2,3.0,1.38,False
R0232,西安,门店,本科,22,21.4,4.0,1.48,True
R0233,成都,电话,高中及以下,64,19.7,4.0,12.75,True
R0234,上海,线上,本科,43,15.4,4.0,1.34,True
R0235,杭州,线上,高中及以下,51,,4.0,7.97,False
R0236,深圳,线上,硕士及以上,41,22.9,2.0,5.96,True
R0237,杭州,门店,高中及以下,62,18.5,3.0,3.04,True
R0238,广州,线上,高中及以下,21,37.2,5.0,3.92,False
R0239,广州,线上,本科,21,21.2,5.0,2.85,False
R0240,西安,线上,高中及以下,33,12.5,3.0,12.98,True
R0241,北京,门店,硕士及以上,64,15.9,3.0,4.98,False
R0242,广州,线上,本科,50,12.9,1.0,2.35,False
R0243,北京,线上,硕士及以上,58,16.9,5.0,1.97,True
R0244,北京,线上,高中及以下,39,8.8,3.0,1.55,False
R0245,上海,门店,高中及以下,39,7.8,4.0,6.64,False
R0246,上海,门店,硕士及以上,54,6.5,3.0,9.84,True
R0247,广州,门店,本科,59,11.4,4.0,1.19,False
R0248,深圳,门店,本科,39,8.1,3.0,2.0,True
R0249,北京,门店,本科,40,14.8,2.0,6.01,True
R0250,北京,线上,本科,45,4.2,4.0,13.28,True
R0251,上海,线上,高中及以下,20,15.7,5.0,8.39,False
R0252,西安,电话,本科,54,4.9,4.0,9.1,False
R0253,广州,线上,硕士及以上,63,12.9,3.0,6.96,False
R0254,广州,门店,硕士及以上,52,11.7,1.0,13.43,False
R0255,上海,线上,硕士及以上,65,32.4,3.0,1.85,True
R0256,武汉,门店,本科,22,8.4,2.0,1.81,True
R0257,深圳,线上,本科,50,10.1,1.0,7.26,True
R0258,深圳,门店,本科,54,18.5,5.0,3.11,False
R0259,深圳,门店,本科,24,34.5,5.0,3.26,False
R0260,深圳,线上,本科,49,7.9,5.0,2.77,True
R0261,武汉,电话,高中及以下,45,12.4,4.0,2.39,True
R0262,上海,线上,高中及以下,45,7.2,3.0,1.83,False
R0263,成都,电话,高中及以下,53,11.2,2.0,7.49,True
R0264,广州,线上,本科,55,14.4,5.0,6.88,False
R0265,广州,线上,本科,55,12.6,3.0,2.73,False
R0266,北京,线上,硕士及以上,42,14.7,,4.32,False
R0267,深圳,线上,高中及以下,43,47.7,2.0,2.36,True
R0268,深圳,线上,高中及以下,62,11.3,5.0,6.27,False
R0269,深圳,线上,硕士及以上,49,11.3,2.0,4.21,True
R0270,深圳,电话,本科,18,13.1,5.0,4.62,False
R0271,上海,门店,本科,19,9.9,4.0,7.23,True
R0272,深圳,门店,硕士及以上,18,7.9,4.0,2.14,False
R0273,北京,电话,硕士及以上,45,14.6,2.0,5.59,False
R0274,杭州,线上,高中及以下,50,14.4,2.0,5.42,False
R0275,上海,电话,本科,28,9.4,5.0,10.05,False
R0276,广州,电话,本科,50,29.7,1.0,7.89,True
R0277,成都,门店,本科,21,29.5,5.0,12.27,True
R0278,北京,线上,高中及以下,19,12.5,5.0,2.36,False
R0279,深圳,电话,硕士及以上,38,15.4,3.0,23.14,False
R0280,上海,电话,本科,37,11.6,3.0,4.18,True
R0281,北京,线上,高中及以下,43,11.7,5.0,7.95,True
R0282,杭州,线上,高中及以下,42,19.3,5.0,1.52,False
R0283,上海,线上,本科,45,11.9,4.0,5.5,False
R0284,北京,线上,本科,30,6.2,3.0,8.52,True
R0285,广州,门店,本科,40,11.8,4.0,3.75,False
R0286,上海,线上,本科,46,12.6,4.0,1.65,False
R0287,广州,线上,硕士及以上,41,42.3,3.0,7.8,False
R0288,深圳,线上,本科,36,25.9,3.0,4.46,True
R0289,北京,门店,本科,33,18.9,,5.9,True
R0290,上海,门店,本科,60,17.0,1.0,8.95,True
R0291,上海,门店,高中及以下,29,,1.0,2.3,True
R0292,广州,门店,本科,52,26.9,3.0,2.73,False
R0293,上海,线上,高中及以下,35,23.7,5.0,18.25,False
R0294,广州,线上,高中及以下,44,8.0,5.0,3.74,True
R0295,成都,线上,高中及以下,37,11.4,,4.49,True
R0296,北京,线上,本科,52,59.6,4.0,2.56,False
R0297,深圳,门店,高中及以下,34,,2.0,5.03,False
R0298,北京,线上,本科,42,19.0,4.0,5.0,False
R0299,成都,线上,本科,52,20.4,4.0,2.58,False
R0300,成都,电话,高中及以下,38,23.2,4.0,12.94,True
R0301,上海,线上,高中及以下,55,21.3,3.0,3.35,True
R0302,深圳,门店,本科,61,10.7,4.0,3.66,False
R0303,深圳,门店,本科,46,7.9,4.0,16.0,True
R0304,上海,线上,硕士及以上,56,10.6,3.0,2.94,True
R0305,北京,线上,高中及以下,32,,5.0,2.6,True
R0306,上海,线上,本科,30,5.8,4.0,8.15,True
R0307,广州,线上,本科,45,5.9,4.0,2.17,False
R0308,北京,电话,本科,20,12.5,5.0,3.66,False
R0309,深圳,线上,硕士及以上,24,7.5,5.0,9.52,False
R0310,深圳,门店,高中及以下,19,25.7,4.0,2.03,True
R0311,武汉,线上,本科,37,8.6,3.0,11.4,False
R0312,武汉,线上,硕士及以上,44,5.8,3.0,6.42,False
R0313,广州,门店,硕士及以上,21,7.2,5.0,7.77,False
R0314,上海,线上,高中及以下,20,15.7,4.0,1.03,False
R0315,北京,线上,本科,45,9.8,4.0,3.76,True
R0316,深圳,门店,高中及以下,46,6.6,3.0,5.77,True
R0317,北京,线上,高中及以下,48,12.0,4.0,4.24,False
R0318,深圳,线上,硕士及以上,48,16.5,3.0,1.95,True
R0319,深圳,电话,高中及以下,22,5.4,4.0,2.41,True
R0320,广州,线上,本科,50,19.9,3.0,37.1,False
R0321,广州,门店,本科,58,5.6,4.0,4.55,False
R0322,杭州,门店,本科,30,9.1,3.0,2.51,True
R0323,武汉,线上,高中及以下,31,11.2,3.0,5.24,True
R0324,北京,线上,本科,47,22.0,3.0,2.26,True
R0325,深圳,线上,高中及以下,32,12.3,2.0,3.54,False
R0326,深圳,线上,本科,31,14.0,4.0,13.73,True
R0327,上海,门店,本科,65,7.2,4.0,4.31,False
R0328,上海,门店,高中及以下,54,12.8,3.0,3.75,True
R0329,上海,线上,本科,47,5.5,4.0,2.37,False
R0330,北京,线上,本科,25,11.1,5.0,3.05,False
R0331,深圳,门店,本科,20,21.2,4.0,13.29,False
R0332,北京,门店,硕士及以上,42,23.9,5.0,4.88,True
R0333,北京,门店,本科,57,13.6,4.0,3.69,True
R0334,深圳,门店,本科,44,,4.0,4.34,True
R0335,杭州,线上,本科,44,42.0,4.0,5.16,False
R0336,北京,线上,本科,56,17.9,4.0,4.26,False
R0337,杭州,线上,硕士及以上,45,12.4,2.0,5.75,False
R0338,深圳,线上,本科,31,11.4,4.0,4.94,False
R0339,上海,线上,本科,18,13.9,2.0,15.03,False
R0340,上海,门店,硕士及以上,51,10.6,4.0,18.78,False
R0341,北京,线上,本科,35,32.7,2.0,18.65,False
R0342,北京,门店,高中及以下,58,17.4,3.0,1.77,True
R0343,广州,线上,本科,64,33.6,5.0,2.6,False
R0344,杭州,电话,高中及以下,43,10.7,3.0,14.08,False
R0345,武汉,线上,本科,23,,3.0,4.74,True
R0346,武汉,线上,本科,41,14.2,4.0,3.46,False
R0347,上海,门店,高中及以下,22,8.9,2.0,3.25,True
R0348,深圳,线上,本科,28,10.5,4.0,2.53,False
R0349,深圳,线上,硕士及以上,34,23.9,3.0,9.26,True
R0350,武汉,线上,本科,61,27.2,5.0,3.02,False
R0351,深圳,门店,本科,58,10.6,3.0,2.39,True
R0352,成都,线上,本科,65,13.2,5.0,1.13,False
R0353,北京,线上,高中及以下,50,19.5,4.0,9.72,True
R0354,深圳,电话,本科,19,36.9,3.0,3.1,False
R0355,广州,线上,高中及以下,31,20.8,4.0,0.7,False
R0356,北京,电话,硕士及以上,56,9.0,2.0,2.62,False
R0357,广州,线上,本科,24,20.2,4.0,3.34,True
R0358,杭州,电话,高中及以下,51,25.9,4.0,2.5,False
R0359,北京,电话,本科,41,22.1,3.0,3.17,False
R0360,广州,线上,本科,20,17.4,3.0,3.84,False
R0361,西安,线上,本科,33,8.7,4.0,1.08,False
R0362,北京,线上,本科,19,12.5,5.0,3.53,True
R0363,广州,门店,本科,30,16.2,4.0,4.22,True
R0364,成都,线上,本科,54,7.6,4.0,12.1,True
R0365,杭州,门店,高中及以下,50,18.1,3.0,1.39,True
R0366,北京,门店,硕士及以上,45,17.7,3.0,3.62,True
R0367,深圳,线上,本科,46,,2.0,3.62,True
R0368,上海,线上,本科,45,4.6,3.0,11.29,True
R0369,深圳,门店,本科,51,7.3,3.0,5.75,False
R0370,北京,电话,硕士及以上,64,10.0,4.0,5.21,False
R0371,上海,线上,高中及以下,21,17.5,4.0,1.85,False
R0372,深圳,线上,本科,31,12.4,4.0,6.02,False
R0373,广州,线上,硕士及以上,30,17.7,1.0,1.83,False
R0374,上海,门店,高中及以下,47,11.1,5.0,4.31,True
R0375,广州,电话,本科,62,12.0,4.0,6.41,False
R0376,深圳,线上,本科,57,23.3,3.0,1.74,False
R0377,上海,电话,硕士及以上,52,7.1,5.0,19.89,False
R0378,成都,线上,硕士及以上,49,20.8,4.0,1.62,False
R0379,上海,线上,本科,34,12.2,2.0,2.66,True
R0380,上海,电话,本科,33,38.3,3.0,5.44,False
R0381,广州,线上,本科,32,14.7,3.0,5.47,True
R0382,北京,电话,本科,60,5.6,2.0,10.75,True
R0383,武汉,线上,高中及以下,32,8.7,3.0,5.02,False
R0384,成都,线上,本科,41,20.8,4.0,1.61,False
R0385,深圳,门店,高中及以下,61,7.7,4.0,2.06,False
R0386,深圳,线上,高中及以下,20,22.0,5.0,3.24,True
R0387,北京,电话,硕士及以上,23,11.3,3.0,5.93,False
R0388,广州,线上,高中及以下,60,7.2,5.0,3.08,False
R0389,上海,电话,本科,29,7.0,5.0,4.09,False
R0390,广州,门店,高中及以下,57,16.4,4.0,9.04,False
R0391,上海,线上,本科,44,11.5,4.0,5.52,False
R0392,深圳,门店,高中及以下,46,13.3,3.0,11.26,True
R0393,广州,门店,本科,58,23.3,3.0,59.75,False
R0394,深圳,门店,高中及以下,57,17.3,4.0,10.3,False
R0395,深圳,门店,本科,36,9.2,5.0,5.12,False
R0396,深圳,门店,本科,39,26.3,5.0,3.58,True
R0397,广州,线上,本科,61,15.8,4.0,13.9,False
R0398,北京,门店,硕士及以上,61,25.2,4.0,3.3,True
R0399,上海,门店,本科,27,31.0,4.0,1.98,False
R0400,深圳,门店,本科,51,16.6,4.0,2.75,False
R0401,深圳,线上,高中及以下,55,11.7,4.0,9.92,False
R0402,广州,电话,本科,42,8.3,3.0,3.14,False
R0403,杭州,门店,本科,22,15.7,4.0,4.26,False
R0404,成都,线上,高中及以下,29,10.0,4.0,5.56,False
R0405,北京,线上,高中及以下,53,18.7,2.0,4.37,True
R0406,杭州,门店,高中及以下,43,14.8,4.0,2.59,True
R0407,深圳,线上,本科,51,9.3,,4.3,False
R0408,北京,门店,高中及以下,35,32.4,2.0,1.07,True
R0409,深圳,线上,本科,50,33.7,4.0,4.97,False
R0410,广州,线上,本科,46,29.4,3.0,5.52,False
R0411,上海,电话,本科,26,17.8,5.0,4.95,True
R0412,北京,电话,高中及以下,60,4.7,2.0,3.84,False
R0413,北京,电话,高中及以下,27,24.4,4.0,4.75,True
R0414,广州,电话,本科,59,23.0,2.0,4.75,False
R0415,深圳,线上,本科,51,30.3,5.0,1.15,True
R0416,上海,电话,高中及以下,47,6.1,4.0,3.57,True
R0417,北京,门店,本科,61,20.5,2.0,5.82,False
R0418,深圳,电话,硕士及以上,59,16.8,2.0,2.49,False
R0419,北京,线上,本科,20,35.5,4.0,7.4,True
R0420,北京,线上,硕士及以上,43,17.4,4.0,3.85,False
R0421,上海,门店,本科,43,12.5,2.0,9.71,True
R0422,武汉,电话,高中及以下,19,13.9,2.0,4.78,True
R0423,北京,电话,本科,65,15.3,4.0,9.13,False
R0424,北京,线上,高中及以下,26,11.3,3.0,0.94,False
R0425,杭州,线上,本科,56,17.2,4.0,7.39,False
R0426,杭州,门店,本科,39,25.8,4.0,4.72,False
R0427,上海,电话,硕士及以上,19,12.7,4.0,1.55,False
R0428,成都,门店,高中及以下,55,21.0,4.0,2.33,False
R0429,北京,线上,硕士及以上,26,15.3,3.0,15.09,False
R0430,北京,线上,本科,29,32.4,4.0,2.95,False
R0431,广州,线上,高中及以下,49,20.0,3.0,17.51,True
R0432,北京,线上,硕士及以上,59,7.9,4.0,9.32,False
R0433,杭州,线上,高中及以下,37,14.5,4.0,1.75,False
R0434,北京,门店,本科,39,16.5,3.0,7.2,False
R0435,成都,门店,高中及以下,38,11.3,2.0,2.89,False
R0436,上海,线上,高中及以下,44,12.6,4.0,3.31,False
R0437,上海,线上,本科,56,17.2,3.0,1.99,True
R0438,深圳,门店,本科,39,19.2,4.0,5.05,True
R0439,深圳,门店,本科,55,5.7,3.0,5.13,False
R0440,武汉,门店,硕士及以上,46,9.7,1.0,4.72,False
R0441,北京,线上,高中及以下,55,11.4,4.0,3.21,False
R0442,上海,线上,硕士及以上,55,8.1,3.0,12.27,True
R0443,上海,线上,高中及以下,52,9.4,5.0,3.91,False
R0444,深圳,线上,本科,38,14.9,2.0,8.81,True
R0445,深圳,电话,本科,49,12.4,4.0,2.21,False
R0446,深圳,门店,本科,56,19.4,5.0,4.79,True
R0447,广州,线上,本科,48,14.6,4.0,4.64,False
R0448,武汉,线上,本科,64,17.1,3.0,1.43,True
R0449,深圳,线上,本科,64,9.6,3.0,9.73,True
R0450,北京,线上,硕士及以上,32,6.9,5.0,1.78,False
R0451,广州,电话,本科,30,50.2,1.0,13.01,False
R0452,深圳,线上,硕士及以上,31,9.7,4.0,3.18,False
R0453,深圳,电话,硕士及以上,24,14.4,4.0,1.42,True
R0454,深圳,线上,高中及以下,60,19.4,3.0,4.43,True
R0455,成都,线上,硕士及以上,59,6.5,4.0,3.52,False
R0456,北京,线上,高中及以下,64,5.4,4.0,8.5,True
R0457,杭州,线上,高中及以下,43,9.8,4.0,2.07,False
R0458,武汉,电话,本科,55,19.8,3.0,11.95,True
R0459,深圳,门店,高中及以下,59,9.7,3.0,4.94,True
R0460,北京,线上,硕士及以上,20,24.5,3.0,5.85,False
R0461,上海,门店,高中及以下,50,18.0,5.0,8.86,True
R0462,上海,线上,高中及以下,38,22.5,4.0,9.98,True
R0463,北京,线上,高中及以下,44,9.6,5.0,9.39,False
R0464,深圳,电话,硕士及以上,27,12.7,5.0,1.94,True
R0465,深圳,线上,本科,50,26.7,4.0,5.63,False
R0466,北京,门店,高中及以下,39,18.5,4.0,7.73,False
R0467,杭州,门店,本科,61,18.4,5.0,6.78,False
R0468,西安,门店,高中及以下,42,2.8,4.0,0.62,False
R0469,上海,电话,高中及以下,55,10.3,4.0,3.17,True
R0470,上海,线上,高中及以下,23,16.1,4.0,4.99,True
R0471,北京,门店,本科,65,12.2,1.0,4.94,True
R0472,深圳,门店,本科,63,10.3,4.0,6.75,False
R0473,深圳,门店,高中及以下,33,49.8,1.0,2.92,True
R0474,深圳,电话,高中及以下,26,28.4,4.0,3.59,False
R0475,上海,电话,本科,21,8.6,3.0,1.28,False
R0476,广州,线上,本科,47,14.6,5.0,3.42,False
R0477,成都,线上,本科,33,13.6,5.0,5.11,False
R0478,上海,门店,本科,45,20.4,3.0,5.71,False
R0479,上海,线上,本科,47,17.0,5.0,3.09,True
R0480,成都,线上,本科,44,9.2,4.0,1.98,False
R0481,成都,线上,本科,49,16.4,4.0,1.34,False
R0482,武汉,门店,硕士及以上,21,10.1,4.0,7.02,False
R0483,杭州,电话,高中及以下,29,30.0,3.0,6.29,False
R0484,广州,线上,高中及以下,49,30.1,5.0,7.47,False
R0485,西安,线上,高中及以下,57,19.1,4.0,4.79,True
R0486,上海,线上,本科,59,6.2,,2.15,False
R0487,上海,线上,硕士及以上,54,11.5,4.0,7.49,False
R0488,广州,门店,本科,20,,3.0,7.42,False
R0489,武汉,门店,本科,21,9.6,3.0,4.67,False
R0490,上海,线上,高中及以下,29,14.1,4.0,3.14,True
R0491,武汉,线上,本科,41,7.9,4.0,6.69,False
R0492,上海,电话,高中及以下,34,23.3,4.0,6.0,True
R0493,西安,门店,本科,35,6.2,4.0,1.62,True
R0494,北京,线上,高中及以下,59,13.6,3.0,6.33,True
R0495,上海,线上,高中及以下,23,20.7,5.0,2.17,False
R0496,深圳,门店,本科,65,8.1,3.0,1.34,False
R0497,广州,门店,本科,59,6.8,4.0,3.86,False
R0498,北京,门店,本科,38,13.8,4.0,6.45,False
R0499,上海,电话,高中及以下,27,5.7,4.0,24.78,False
R0500,深圳,门店,硕士及以上,24,7.6,5.0,8.08,True
