exporter,importer,distance_km,gdp_exporter,gdp_importer,trade_usd
E001,I001,8878.0,440057705625.0,388948817832.0,7.251019016739098e+17
E002,I002,9217.0,425910541286.0,217802234226.0,2.439195980303106e+18
E003,I003,2891.0,386760538255.0,1203906974538.0,4.314435900625883e+19
E004,I004,7232.0,259181960512.0,356578267098.0,1.1381382827670074e+18
E005,I005,2299.0,167754062893.0,133268270847.0,1.483033339183615e+18
E006,I006,8229.0,367376161922.0,345557250011.0,3.3944298560450335e+18
E007,I007,5083.0,672500884067.0,147584920917.0,4.1846215165633167e+18
E008,I008,4893.0,117978039636.0,300553071009.0,1.7688470239762988e+18
E009,I009,2706.0,15973273580.0,238213446889.0,1.2216737446526917e+17
E010,I010,7818.0,153780153832.0,162085000748.0,2.581709286591396e+17
E011,I011,11256.0,73660890208.0,728231065025.0,9.919352068172179e+17
E012,I012,7349.0,106914876134.0,80210759378.0,1.0692005689388088e+17
E013,I013,5947.0,96170329824.0,99367712656.0,3.37773005035531e+17
E014,I014,10573.0,230637729958.0,85617863914.0,1.7551412326187194e+17
E015,I015,3120.0,1046642062765.0,191756355438.0,3.7741823857880847e+18
E016,I016,2371.0,177496020898.0,834661428284.0,1.6567571578057794e+19
E017,I017,10333.0,298183147872.0,388772024310.0,2.2102449013750418e+18
E018,I018,1778.0,86209852998.0,1021366833213.0,1.2958046946220458e+19
E019,I019,3624.0,224633798072.0,367502355790.0,8.466623703397233e+18
E020,I020,6451.0,26707227533.0,64912007104.0,1.0096102942866187e+17
E021,I021,4941.0,769579340917.0,538531355290.0,1.0830425625844453e+19
E022,I022,9368.0,300887465410.0,211966658981.0,1.1504990836427988e+18
E023,I023,4856.0,308190649199.0,117489877275.0,4.916297906461254e+17
E024,I024,15642.0,247390306524.0,368133361625.0,4.5344110859722765e+17
E025,I025,5839.0,338271009358.0,239724651844.0,1.0024649318896562e+18
E026,I026,4335.0,467948670388.0,386842147217.0,8.283639004368145e+18
E027,I027,11879.0,62235410651.0,1222744774481.0,7.394796718353137e+17
E028,I028,7618.0,466864326040.0,373618166146.0,3.1189696936664596e+18
E029,I029,2177.0,109868314489.0,2074992820231.0,1.1861446963618916e+19
E030,I030,1118.0,224464905261.0,383864705035.0,1.9380331996270862e+19
E031,I031,7867.0,106864246165.0,671536998270.0,1.1513945400249443e+18
E032,I032,3531.0,325757979860.0,785013605274.0,1.030593402682385e+19
E033,I033,3652.0,575438316860.0,135284750618.0,4.113829019591769e+18
E034,I034,6469.0,81401267778.0,307755045051.0,5.3420185500996e+17
E035,I035,5083.0,51326154418.0,210810873778.0,3.024437285415519e+17
E036,I036,4684.0,171899197219.0,156188339611.0,2.208482369248811e+18
E037,I037,3408.0,93173252645.0,562433559703.0,1.2593575267600924e+18
E038,I038,4419.0,967261917998.0,159223186138.0,7.915630648752812e+18
E039,I039,9975.0,125482730869.0,335856165789.0,4.463024467342518e+17
E040,I040,4813.0,179543023038.0,273102978792.0,6.401682499525225e+17
E041,I041,10390.0,491303369221.0,485215108065.0,1.1012518379390618e+18
E042,I042,3049.0,145394014222.0,588042617043.0,3.740761678100734e+18
E043,I043,2323.0,166926916354.0,443139095743.0,5.537413589782907e+18
E044,I044,1824.0,7120288922.0,837435514223.0,1.3335267023866698e+18
E045,I045,20102.0,122829029024.0,112671122339.0,1.604404732520347e+17
E046,I046,4694.0,92203677383.0,129327969769.0,1.5117198666172047e+18
E047,I047,5452.0,267611164463.0,315048955374.0,1.6160310758230758e+18
E048,I048,10917.0,23961144863.0,184561333447.0,2.387884433468563e+16
E049,I049,11669.0,100197548991.0,247708902010.0,2.8345834271276765e+17
E050,I050,4949.0,13857506391.0,129142394583.0,1.0062059415863336e+17
E051,I051,7910.0,186892492753.0,349381847640.0,8.616180149678847e+17
E052,I052,7098.0,658866654641.0,614454597978.0,3.7866230440802473e+18
E053,I053,11908.0,113872130585.0,62617726275.0,4.151779088907147e+17
E054,I054,3169.0,385196587843.0,91347671599.0,1.633068531914143e+18
E055,I055,8947.0,605859714688.0,689315237799.0,3.878763612713717e+18
E056,I056,8962.0,106913915666.0,366483172706.0,5.5917569779366086e+17
E057,I057,4275.0,697899597913.0,818763964574.0,7.993620655227579e+18
E058,I058,5862.0,216974402427.0,387943531046.0,2.0730027969133056e+18
E059,I059,5650.0,43973435809.0,731929896331.0,3.332386579654471e+18
E060,I060,12992.0,237610211638.0,847470429617.0,1.177749063679544e+18
E061,I061,4258.0,173268117772.0,4336902118495.0,4.659215395691715e+19
E062,I062,2972.0,172478885175.0,94416613028.0,2.4714091657051407e+18
E063,I063,3692.0,795595678410.0,605040954023.0,1.5285911852800004e+19
E064,I064,4149.0,174669273943.0,773740807774.0,9.906333080546327e+18
E065,I065,8508.0,47897177344.0,357818640864.0,7.954356932386184e+17
E066,I066,10914.0,153118399784.0,114136295328.0,4.5453341703308614e+17
E067,I067,10778.0,41389105714.0,124679647112.0,6.3960640046364104e+16
E068,I068,22356.0,182074733101.0,453650125345.0,4.5776046309500544e+17
E069,I069,10487.0,90551175615.0,635103816580.0,4.8916699538374426e+17
E070,I070,3440.0,110727877233.0,236508317724.0,1.6214560566988104e+18
E071,I071,2862.0,139101167833.0,100513475025.0,1.3026832937374592e+18
E072,I072,18035.0,99137796003.0,211654977999.0,2.3588973441183696e+17
E073,I073,1382.0,379105317633.0,47041739402.0,2.7025058592797046e+18
E074,I074,14075.0,572221848453.0,128241295553.0,6.153888918102588e+17
E075,I075,14482.0,185708058766.0,252168500005.0,6.539437468909948e+17
E076,I076,4291.0,201704566741.0,237717022083.0,9.960098264642045e+17
E077,I077,12355.0,62931595914.0,423644706686.0,1.3765693456253531e+17
E078,I078,10400.0,32448779208.0,236761972441.0,1.4360201160799794e+17
E079,I079,1861.0,1282020357175.0,79511590915.0,2.0263869755429327e+19
E080,I080,14382.0,131191819008.0,328694001461.0,2.0475345834888566e+17
E081,I081,5269.0,481013616497.0,224867819756.0,4.139334321748735e+18
E082,I082,6162.0,273736600324.0,149195596273.0,1.0449630601358697e+18
E083,I083,13227.0,53669704322.0,241610244234.0,2.2424665190459818e+17
E084,I084,1879.0,118593296326.0,320952346434.0,1.2216020746652477e+18
E085,I085,3863.0,231394892444.0,29905001167.0,3.5362045634536544e+17
E086,I086,5572.0,10687661971.0,206895773041.0,1.4023104489026829e+17
E087,I087,8258.0,53948680797.0,47440127275.0,3.770443407022161e+16
E088,I088,4236.0,91994297824.0,1207218689198.0,2.786699642821057e+18
E089,I089,26002.0,101593541941.0,100194585761.0,1.748224165281004e+17
E090,I090,14669.0,211385697680.0,285903338748.0,1.3074101286284099e+18
E091,I091,6385.0,109956057059.0,137296717979.0,2.660821183455547e+17
E092,I092,3741.0,131360437555.0,705426673746.0,2.383955283577013e+18
E093,I093,6352.0,786473031020.0,738954743146.0,1.0601828896292989e+19
E094,I094,3845.0,102547793005.0,333896980544.0,1.2828172689897006e+18
E095,I095,4250.0,87133474648.0,405713848208.0,4.247402811576939e+17
E096,I096,3618.0,347251068905.0,450319561076.0,6.956154250910848e+18
E097,I097,2790.0,304471714251.0,216244599369.0,3.7046796084825334e+18
E098,I098,14794.0,165685863729.0,860569787792.0,4.9566878497248326e+17
E099,I099,9468.0,267703570943.0,148121396749.0,6.990715541742838e+17
E100,I100,8098.0,638860425830.0,1862397725672.0,4.07150173256071e+19
E101,I101,11884.0,200935959318.0,844639349821.0,2.9849935923098957e+18
E102,I102,5283.0,380801657114.0,291903716453.0,3.129488650825316e+18
E103,I103,2914.0,276796622915.0,314597984063.0,2.4000871058757837e+18
E104,I104,2113.0,102308805122.0,778923040922.0,4.720471506536547e+18
E105,I105,6534.0,48524490177.0,69732876649.0,1.435668637819248e+17
E106,I106,29246.0,99822371299.0,403915177800.0,1.7701345131447594e+17
E107,I107,2849.0,592644428964.0,364825000819.0,1.3415598711047072e+19
E108,I108,11371.0,193113184641.0,392980437661.0,1.1245052457838298e+18
E109,I109,14048.0,960589165925.0,1111643263316.0,8.956903183041123e+18
E110,I110,12971.0,237545847520.0,469642076092.0,1.1427839307754723e+18
E111,I111,7757.0,18933858889.0,94525144722.0,1.8855450194726508e+16
E112,I112,5870.0,166701146567.0,92487925509.0,4.169860327877286e+17
E113,I113,2768.0,169765583481.0,430106332247.0,2.6566149199049236e+18
E114,I114,3688.0,145606237185.0,1804184474835.0,3.151009990711236e+18
E115,I115,3911.0,976277820720.0,642233052956.0,1.3812346067341195e+19
E116,I116,3886.0,136342655105.0,291835108513.0,2.674141733149609e+18
E117,I117,4750.0,193188648181.0,806449245898.0,8.220624860257967e+18
E118,I118,5327.0,465859708470.0,273020304328.0,8.351021554447831e+18
E119,I119,5843.0,192513039681.0,995504711870.0,5.542336268031659e+18
E120,I120,5012.0,34731545445.0,371598451877.0,4.6884984233738605e+17
E121,I121,9192.0,48680785250.0,279838592025.0,6.209811485897811e+17
E122,I122,4514.0,226453381487.0,816582556463.0,3.2846635374295926e+18
E123,I123,2838.0,961119516108.0,340611655512.0,1.0147735893548438e+19
E124,I124,13467.0,103110357418.0,1665914964939.0,2.208824153745452e+18
E125,I125,4942.0,57995354753.0,2141916673803.0,3.39180137022845e+18
E126,I126,4435.0,27071442090.0,24848135509.0,6.3994719252398984e+16
E127,I127,2570.0,50824874933.0,336083678170.0,6.554852704998561e+17
E128,I128,33412.0,562383237124.0,404388943971.0,6.827211035135027e+17
E129,I129,8213.0,242595876466.0,632406810171.0,2.2930359267313157e+18
E130,I130,8101.0,443535606745.0,1008083278323.0,1.5202744089764848e+19
E131,I131,7339.0,89045567305.0,584748293743.0,2.9582007619060845e+17
E132,I132,14080.0,528767992363.0,123161244183.0,3.747388118020028e+17
E133,I133,3658.0,90800478088.0,20705868336.0,3.313042824127883e+17
E134,I134,7503.0,588035332897.0,508008605336.0,4.2482474982801987e+18
E135,I135,4863.0,64766469645.0,149235479167.0,1.1716368427557504e+17
E136,I136,10403.0,60965719016.0,117103363209.0,9.306264107072002e+16
E137,I137,4566.0,441977477237.0,163338869223.0,2.574336211821048e+18
E138,I138,6349.0,314302556719.0,307245709229.0,2.2002739134458465e+18
E139,I139,8229.0,404991968569.0,178923650041.0,2.7207518052184502e+17
E140,I140,17632.0,101679854193.0,122869620828.0,1.1389961802218672e+17
E141,I141,6635.0,370044383909.0,770322233348.0,9.170921623386149e+18
E142,I142,10650.0,13730497964.0,135536426614.0,1.856348915585885e+16
E143,I143,6875.0,307725742637.0,96488788314.0,5.3399448966818054e+17
E144,I144,8210.0,513155015024.0,629657749545.0,4.673040561323861e+18
E145,I145,9603.0,65814664276.0,72711687754.0,1.0938396326910715e+17
E146,I146,18557.0,29377403879.0,1351926307634.0,7.677183302905077e+16
E147,I147,7012.0,71970960603.0,148374286458.0,2.904401522858415e+17
E148,I148,13300.0,141153679131.0,25714021993.0,6.373262978011216e+16
E149,I149,4021.0,175400609789.0,194776237771.0,2.4439619993464013e+18
E150,I150,3072.0,173828389930.0,910472139271.0,1.0213475340216646e+19
E151,I151,25673.0,158730064444.0,57123260238.0,6.934699240068639e+16
E152,I152,4108.0,183573975092.0,193732415948.0,1.2463138804872468e+18
E153,I153,7879.0,166580070217.0,379074940958.0,1.1815515538145997e+18
E154,I154,2852.0,594925845263.0,668012427961.0,3.6748998219552748e+19
E155,I155,1516.0,492377407363.0,793183316945.0,3.2520785358549758e+19
E156,I156,7277.0,270610282439.0,316491701192.0,1.9217818815346486e+18
E157,I157,2216.0,4270363572021.0,339449495249.0,1.6822325284168886e+20
E158,I158,17303.0,141103672099.0,74240652571.0,3.888005618398141e+16
E159,I159,5987.0,800642567385.0,32750944582.0,2.8810619199849222e+17
E160,I160,4143.0,70190740723.0,181705670016.0,5.67533537282126e+17
E161,I161,1284.0,85795495438.0,579875376384.0,5.499570549338365e+18
E162,I162,6541.0,155686611197.0,27103171003.0,2.0507006442422563e+17
E163,I163,4621.0,182891267597.0,302885770920.0,6.224004660329481e+17
E164,I164,4997.0,43087364762.0,1075918431172.0,3.202709734628428e+18
E165,I165,2962.0,230242706364.0,680850055188.0,1.0976339522367853e+19
E166,I166,7271.0,53901397110.0,371777351070.0,6.011175216731994e+17
E167,I167,4306.0,237125353673.0,47529035334.0,5.854083642449738e+17
E168,I168,4886.0,56643007182.0,635162489307.0,9.613058173803681e+17
E169,I169,30436.0,365936589087.0,389061714225.0,3.170177445744183e+17
E170,I170,8022.0,185710415287.0,326863691322.0,8.851717367190977e+17
E171,I171,1941.0,272251922459.0,375899719413.0,1.828382482351259e+19
E172,I172,7210.0,200320653326.0,69898965456.0,7.59457222205624e+17
E173,I173,4195.0,587610243800.0,183518600909.0,1.1414671626044372e+18
E174,I174,3853.0,111028703625.0,94658426124.0,2.3697565688220283e+18
E175,I175,9801.0,417160712632.0,267572887880.0,9.626186695977993e+17
E176,I176,11268.0,368742193471.0,160101357458.0,7.185967565935046e+17
E177,I177,12560.0,868906321606.0,4375027670734.0,2.54835828853672e+19
E178,I178,2895.0,1303807370370.0,562453191586.0,1.0410161133231545e+20
E179,I179,15312.0,108534832674.0,162367838851.0,5.766231996296588e+16
E180,I180,28681.0,102800813008.0,38619680447.0,5.1019186442044376e+16
E181,I181,3819.0,87034951072.0,1617484146230.0,4.811149977336719e+18
E182,I182,2767.0,388797812312.0,339099178130.0,1.060926329975398e+19
E183,I183,7517.0,98518771717.0,74924819776.0,1.573823100157719e+17
E184,I184,2746.0,549654987081.0,197047277072.0,3.1073510944792673e+18
E185,I185,9934.0,249323258895.0,462620299969.0,7.256869226805028e+17
E186,I186,8906.0,41774387242.0,178234894616.0,2.623682572636103e+17
E187,I187,3282.0,1306234361251.0,241507362201.0,1.201199273570923e+19
E188,I188,5719.0,278414017976.0,151909208257.0,1.1366244787781568e+18
E189,I189,10702.0,396149201127.0,50755901299.0,3.8851023792563936e+17
E190,I190,958.0,148343597721.0,82572072732.0,1.367412896539529e+18
E191,I191,5391.0,82238500840.0,314526714126.0,4.859679674495059e+17
E192,I192,6509.0,109433604421.0,611740545481.0,1.238427440150466e+18
E193,I193,960.0,195698444565.0,288375390483.0,1.7605662112640082e+19
E194,I194,1821.0,2133632598397.0,251833822588.0,5.874564092448125e+19
E195,I195,1213.0,100210485722.0,179206500187.0,2.4481234675251236e+18
E196,I196,3969.0,366446102453.0,214335393717.0,3.4703119907352376e+18
E197,I197,1517.0,2422303989743.0,326203640990.0,4.432036264046512e+19
E198,I198,4172.0,166953949500.0,344998675427.0,1.7953304172229786e+18
E199,I199,13431.0,149649121142.0,538829180279.0,3.0907431058279386e+17
E200,I200,64131.0,124879883001.0,896420775443.0,5.546727576664754e+16
E201,I201,2962.0,162971691197.0,497245459514.0,4.4000467033169684e+18
E202,I202,3389.0,263122011271.0,435797139409.0,5.085195438643717e+18
E203,I203,13477.0,162568187581.0,411010622021.0,3.557114191600618e+17
E204,I204,3692.0,225010934997.0,232477008543.0,2.0407560575000497e+18
E205,I205,2933.0,131797259361.0,414778770773.0,3.657248945393171e+18
E206,I206,11672.0,107686106299.0,55122223433.0,2.6543251844211107e+17
E207,I207,6416.0,104410178656.0,72841410328.0,1.675262429023251e+17
E208,I208,8653.0,674168379451.0,294528072925.0,4.106365286766318e+18
E209,I209,14633.0,53026583318.0,613627323005.0,2.5175742865519955e+17
E210,I210,3909.0,29515992231.0,571586861086.0,3.50976725441815e+17
E211,I211,8789.0,228060449983.0,49831527540.0,2.6848098565618173e+17
E212,I212,9577.0,192415203932.0,496773556403.0,9.774773214244425e+17
E213,I213,3671.0,94271260088.0,2191393742948.0,1.024133177187488e+19
E214,I214,2730.0,168096329469.0,225418416371.0,2.331669846520594e+18
E215,I215,4396.0,315589677098.0,225545121248.0,2.678683582153758e+18
E216,I216,2847.0,53055467259.0,521194760624.0,1.18754795154385e+18
E217,I217,6567.0,55413280718.0,368913211721.0,1.7651678942430816e+17
E218,I218,3547.0,166863277493.0,89242658095.0,6.26907773282915e+17
E219,I219,8812.0,241403484604.0,232814084500.0,8.352518382457056e+17
E220,I220,4470.0,36196128612.0,166105047867.0,3.403870243231935e+17
