order_id,date,store_id,amount,qty,channel,source
Q1-1000,2026-02-10,S01,400.82,7,,Q1
Q1-1001,2026-02-06,S01,341.28,1,,Q1
Q1-1002,2026-02-17,S08,417.59,8,,Q1
Q1-1003,2026-02-07,S02,833.41,1,,Q1
Q1-1004,2026-03-12,S07,840.63,2,,Q1
Q1-1005,2026-02-10,S06,1071.38,3,,Q1
Q1-1006,2026-02-02,S07,165.84,5,,Q1
Q1-1007,2026-03-30,S08,331.82,3,,Q1
Q1-1008,2026-01-19,S02,1013.93,7,,Q1
Q1-1009,2026-02-08,S05,199.54,3,,Q1
Q1-1010,2026-01-13,S04,194.05,1,,Q1
Q1-1011,2026-02-28,S01,526.91,4,,Q1
Q1-1012,2026-03-25,S08,237.64,1,,Q1
Q1-1013,2026-01-03,S05,698.48,6,,Q1
Q1-1014,2026-01-31,S08,313.1,7,,Q1
Q1-1015,2026-03-29,S06,674.71,6,,Q1
Q1-1016,2026-03-15,S08,396.51,6,,Q1
Q1-1017,2026-03-12,S03,456.63,3,,Q1
Q1-1018,2026-03-15,S03,772.52,1,,Q1
Q1-1019,2026-03-26,S06,601.85,3,,Q1
Q1-1020,2026-03-25,S01,747.56,2,,Q1
Q1-1021,2026-03-10,S08,550.34,7,,Q1
Q1-1022,2026-03-22,S01,858.9,7,,Q1
Q1-1023,2026-03-22,S02,1077.72,8,,Q1
Q1-1024,2026-03-04,S02,877.93,5,,Q1
Q1-1025,2026-01-03,S07,464.95,3,,Q1
Q1-1026,2026-01-27,S04,167.74,6,,Q1
Q1-1027,2026-02-11,S05,1573.3,7,,Q1
Q1-1028,2026-01-11,S03,219.72,7,,Q1
Q1-1029,2026-01-28,S04,168.44,3,,Q1
Q1-1030,2026-03-11,S02,963.68,6,,Q1
Q1-1031,2026-03-27,S03,730.74,3,,Q1
Q1-1032,2026-01-10,S08,953.58,3,,Q1
Q1-1033,2026-01-11,S01,408.57,8,,Q1
Q1-1034,2026-01-02,S01,338.06,2,,Q1
Q1-1035,2026-03-06,S04,915.46,8,,Q1
Q1-1036,2026-01-08,S01,305.07,5,,Q1
Q1-1037,2026-02-10,S03,824.62,4,,Q1
Q1-1038,2026-01-11,S05,647.79,2,,Q1
Q1-1039,2026-02-06,S03,235.47,4,,Q1
Q1-1040,2026-01-19,S08,352.26,6,,Q1
Q1-1041,2026-03-26,S01,409.65,1,,Q1
Q1-1042,2026-03-11,S08,276.19,6,,Q1
Q1-1043,2026-02-20,S02,160.74,1,,Q1
Q1-1044,2026-02-11,S07,499.05,3,,Q1
Q1-1045,2026-02-03,S05,233.47,3,,Q1
Q1-1046,2026-02-11,S04,103.97,6,,Q1
Q1-1047,2026-03-01,S08,269.9,1,,Q1
Q1-1048,2026-02-13,S07,724.32,1,,Q1
Q1-1049,2026-03-01,S06,3317.83,5,,Q1
Q1-1050,2026-03-09,S06,605.98,1,,Q1
Q1-1051,2026-01-21,S03,756.37,3,,Q1
Q1-1052,2026-03-02,S08,593.8,8,,Q1
Q1-1053,2026-01-26,S02,424.83,5,,Q1
Q1-1054,2026-02-14,S08,271.68,4,,Q1
Q1-1055,2026-03-16,S07,222.03,5,,Q1
Q1-1056,2026-01-03,S06,206.05,2,,Q1
Q1-1057,2026-01-16,S01,396.39,1,,Q1
Q1-1058,2026-03-11,S07,1772.58,8,,Q1
Q1-1059,2026-01-28,S08,175.22,3,,Q1
Q1-1060,2026-03-07,S03,400.22,6,,Q1
Q1-1061,2026-01-22,S03,485.25,3,,Q1
Q1-1062,2026-02-11,S07,416.8,8,,Q1
Q1-1063,2026-03-12,S04,325.0,5,,Q1
Q1-1064,2026-03-14,S07,203.39,8,,Q1
Q1-1065,2026-01-31,S05,363.87,8,,Q1
Q1-1066,2026-02-17,S02,387.5,5,,Q1
Q1-1067,2026-02-21,S02,400.48,8,,Q1
Q1-1068,2026-02-11,S06,248.76,7,,Q1
Q1-1069,2026-01-17,S05,317.05,6,,Q1
Q1-1070,2026-03-30,S02,686.14,6,,Q1
Q1-1071,2026-02-20,S04,392.97,2,,Q1
Q1-1072,2026-03-31,S02,341.21,8,,Q1
Q1-1073,2026-03-07,S08,449.99,5,,Q1
Q1-1074,2026-01-18,S08,1156.48,7,,Q1
Q1-1075,2026-03-21,S06,514.33,1,,Q1
Q1-1076,2026-01-13,S07,1036.25,8,,Q1
Q1-1077,2026-03-01,S06,477.96,3,,Q1
Q1-1078,2026-02-15,S07,238.61,5,,Q1
Q1-1079,2026-01-22,S06,163.76,3,,Q1
Q1-1080,2026-03-05,S04,306.66,4,,Q1
Q1-1081,2026-01-15,S01,317.34,3,,Q1
Q1-1082,2026-01-23,S06,278.95,8,,Q1
Q1-1083,2026-02-09,S06,785.82,4,,Q1
Q1-1084,2026-03-06,S07,273.37,8,,Q1
Q1-1085,2026-03-25,S01,666.74,8,,Q1
Q1-1086,2026-02-19,S03,271.06,7,,Q1
Q1-1087,2026-03-22,S05,678.93,8,,Q1
Q1-1088,2026-01-20,S02,507.17,6,,Q1
Q1-1089,2026-03-16,S01,494.79,4,,Q1
Q1-1090,2026-02-25,S01,1385.85,5,,Q1
Q1-1091,2026-01-30,S05,646.74,5,,Q1
Q1-1092,2026-01-23,S05,460.63,6,,Q1
Q1-1093,2026-01-01,S08,506.82,4,,Q1
Q1-1094,2026-02-03,S01,335.77,1,,Q1
Q1-1095,2026-03-30,S08,307.29,1,,Q1
Q1-1096,2026-03-28,S05,632.76,5,,Q1
Q1-1097,2026-02-05,S03,778.13,8,,Q1
Q1-1098,2026-03-14,S07,327.7,3,,Q1
Q1-1099,2026-03-22,S03,320.08,5,,Q1
Q1-1100,2026-03-11,S04,362.99,8,,Q1
Q1-1101,2026-01-13,S06,408.77,7,,Q1
Q1-1102,2026-01-22,S01,184.99,6,,Q1
Q1-1103,2026-02-13,S07,400.66,4,,Q1
Q1-1104,2026-01-07,S02,441.57,2,,Q1
Q1-1105,2026-02-09,S01,722.39,3,,Q1
Q1-1106,2026-01-16,S05,336.93,7,,Q1
Q1-1107,2026-02-10,S08,765.31,4,,Q1
Q1-1108,2026-01-24,S07,1331.85,5,,Q1
Q1-1109,2026-01-12,S01,154.29,1,,Q1
Q1-1110,2026-01-03,S04,460.76,5,,Q1
Q1-1111,2026-01-24,S03,2583.0,7,,Q1
Q1-1112,2026-03-11,S03,464.71,1,,Q1
Q1-1113,2026-03-16,S07,709.25,6,,Q1
Q1-1114,2026-03-03,S04,573.04,2,,Q1
Q1-1115,2026-01-23,S07,263.33,5,,Q1
Q1-1116,2026-03-08,S04,431.45,8,,Q1
Q1-1117,2026-01-01,S06,147.9,2,,Q1
Q1-1118,2026-02-14,S02,165.58,4,,Q1
Q1-1119,2026-01-03,S05,573.87,1,,Q1
Q1-1120,2026-01-25,S06,232.36,4,,Q1
Q1-1121,2026-02-03,S04,567.13,2,,Q1
Q1-1122,2026-02-27,S08,876.65,6,,Q1
Q1-1123,2026-02-04,S08,719.76,1,,Q1
Q1-1124,2026-03-22,S04,356.12,6,,Q1
Q1-1125,2026-02-23,S08,697.14,3,,Q1
Q1-1126,2026-01-09,S01,191.59,5,,Q1
Q1-1127,2026-01-30,S01,1338.99,1,,Q1
Q1-1128,2026-02-09,S06,721.97,7,,Q1
Q1-1129,2026-01-26,S04,716.19,8,,Q1
Q1-1130,2026-03-11,S03,406.88,1,,Q1
Q1-1131,2026-03-26,S07,699.94,2,,Q1
Q1-1132,2026-03-23,S04,2238.41,2,,Q1
Q1-1133,2026-02-15,S02,387.12,1,,Q1
Q1-1134,2026-02-06,S03,226.07,7,,Q1
Q1-1135,2026-02-20,S03,278.76,8,,Q1
Q1-1136,2026-01-22,S03,178.82,3,,Q1
Q1-1137,2026-02-07,S06,417.8,4,,Q1
Q1-1138,2026-02-12,S06,368.14,8,,Q1
Q1-1139,2026-01-31,S07,203.4,6,,Q1
Q1-1140,2026-03-30,S02,415.21,4,,Q1
Q1-1141,2026-01-14,S05,167.23,5,,Q1
Q1-1142,2026-02-14,S05,179.22,2,,Q1
Q1-1143,2026-03-05,S03,1030.16,8,,Q1
Q1-1144,2026-01-06,S08,457.74,7,,Q1
Q1-1145,2026-02-06,S06,241.0,2,,Q1
Q1-1146,2026-03-07,S06,398.02,5,,Q1
Q1-1147,2026-01-15,S01,1438.68,4,,Q1
Q1-1148,2026-03-20,S07,488.47,2,,Q1
Q1-1149,2026-02-08,S07,538.43,5,,Q1
Q1-1150,2026-03-03,S06,524.75,3,,Q1
Q1-1151,2026-02-16,S04,991.82,2,,Q1
Q1-1152,2026-01-23,S08,360.84,3,,Q1
Q1-1153,2026-01-22,S07,518.51,5,,Q1
Q1-1154,2026-03-22,S06,384.93,6,,Q1
Q1-1155,2026-01-29,S06,1136.75,3,,Q1
Q1-1156,2026-01-07,S02,379.97,6,,Q1
Q1-1157,2026-01-02,S02,456.67,7,,Q1
Q1-1158,2026-01-23,S08,298.31,7,,Q1
Q1-1159,2026-02-19,S06,391.31,1,,Q1
Q1-1160,2026-03-13,S02,408.17,4,,Q1
Q1-1161,2026-01-07,S05,476.54,4,,Q1
Q1-1162,2026-03-23,S01,332.28,7,,Q1
Q1-1163,2026-02-15,S08,230.85,7,,Q1
Q1-1164,2026-01-09,S03,326.05,6,,Q1
Q1-1165,2026-02-05,S07,581.71,6,,Q1
Q1-1166,2026-03-02,S01,856.39,7,,Q1
Q1-1167,2026-01-06,S05,420.38,1,,Q1
Q1-1168,2026-01-06,S07,1871.34,1,,Q1
Q1-1169,2026-03-15,S07,352.38,1,,Q1
Q1-1170,2026-03-13,S07,160.76,8,,Q1
Q1-1171,2026-02-19,S05,1936.04,3,,Q1
Q1-1172,2026-02-01,S06,246.65,2,,Q1
Q1-1173,2026-01-20,S01,867.38,1,,Q1
Q1-1174,2026-01-03,S03,208.35,5,,Q1
Q1-1175,2026-01-15,S07,362.87,3,,Q1
Q1-1176,2026-02-24,S04,653.47,4,,Q1
Q1-1177,2026-01-25,S03,406.18,4,,Q1
Q1-1178,2026-02-22,S07,294.81,4,,Q1
Q1-1179,2026-02-24,S08,502.3,2,,Q1
Q1-1180,2026-01-14,S05,370.94,2,,Q1
Q1-1181,2026-03-26,S07,444.0,3,,Q1
Q1-1182,2026-02-16,S02,901.38,2,,Q1
Q1-1183,2026-01-29,S06,202.04,3,,Q1
Q1-1184,2026-02-03,S03,443.43,2,,Q1
Q1-1185,2026-03-11,S01,499.84,7,,Q1
Q1-1186,2026-01-03,S05,162.65,8,,Q1
Q1-1187,2026-02-18,S04,359.92,8,,Q1
Q1-1188,2026-03-15,S02,761.9,6,,Q1
Q1-1189,2026-01-31,S06,341.6,7,,Q1
Q1-1190,2026-03-07,S02,328.62,2,,Q1
Q1-1191,2026-02-12,S02,387.91,6,,Q1
Q1-1192,2026-01-14,S04,1083.31,5,,Q1
Q1-1193,2026-03-11,S08,204.27,5,,Q1
Q1-1194,2026-01-30,S07,316.76,6,,Q1
Q1-1195,2026-02-02,S04,144.35,2,,Q1
Q1-1196,2026-02-20,S08,519.24,3,,Q1
Q1-1197,2026-01-24,S08,386.91,2,,Q1
Q1-1198,2026-03-21,S06,466.1,1,,Q1
Q1-1199,2026-02-02,S03,164.84,6,,Q1
Q1-1200,2026-02-27,S07,511.12,5,,Q1
Q1-1201,2026-03-12,S08,505.94,2,,Q1
Q1-1202,2026-01-15,S07,354.2,1,,Q1
Q1-1203,2026-01-13,S02,566.01,1,,Q1
Q1-1204,2026-01-07,S06,545.18,4,,Q1
Q1-1205,2026-02-07,S08,166.58,3,,Q1
Q1-1206,2026-02-10,S03,239.01,7,,Q1
Q1-1207,2026-03-22,S01,1544.23,2,,Q1
Q1-1208,2026-03-27,S08,293.8,5,,Q1
Q1-1209,2026-01-09,S08,299.52,4,,Q1
Q1-1210,2026-02-19,S06,596.93,3,,Q1
Q1-1211,2026-01-08,S07,522.14,2,,Q1
Q1-1212,2026-01-24,S08,247.75,5,,Q1
Q1-1213,2026-03-13,S02,146.79,7,,Q1
Q1-1214,2026-02-18,S02,737.07,1,,Q1
Q1-1215,2026-03-01,S03,527.48,7,,Q1
Q1-1216,2026-01-20,S07,553.75,2,,Q1
Q1-1217,2026-03-13,S06,651.5,8,,Q1
Q1-1218,2026-03-24,S07,403.59,2,,Q1
Q1-1219,2026-03-12,S08,1003.5,7,,Q1
Q1-1220,2026-02-16,S02,584.61,6,,Q1
Q1-1221,2026-01-30,S08,413.46,7,,Q1
Q1-1222,2026-03-25,S06,475.18,2,,Q1
Q1-1223,2026-01-23,S08,335.63,6,,Q1
Q1-1224,2026-01-01,S05,841.08,1,,Q1
Q1-1225,2026-02-25,S08,1426.63,5,,Q1
Q1-1226,2026-02-21,S07,420.64,1,,Q1
Q1-1227,2026-02-28,S03,523.91,2,,Q1
Q1-1228,2026-03-07,S04,332.21,4,,Q1
Q1-1229,2026-01-02,S01,404.59,2,,Q1
Q1-1230,2026-03-07,S05,594.84,2,,Q1
Q1-1231,2026-01-25,S07,391.76,5,,Q1
Q1-1232,2026-01-31,S06,342.97,7,,Q1
Q1-1233,2026-03-04,S03,215.98,3,,Q1
Q1-1234,2026-02-19,S05,398.03,4,,Q1
Q1-1235,2026-03-29,S07,1086.38,8,,Q1
Q1-1236,2026-01-08,S07,648.32,5,,Q1
Q1-1237,2026-02-23,S03,1770.91,6,,Q1
Q1-1238,2026-01-03,S01,483.4,6,,Q1
Q1-1239,2026-02-03,S08,2135.66,3,,Q1
Q2-2000,2026-04-09,S01,1037.12,3,store,Q2
Q2-2001,2026-06-16,S07,173.37,6,online,Q2
Q2-2002,2026-04-22,S02,414.72,1,store,Q2
Q2-2003,2026-05-05,S03,401.55,2,online,Q2
Q2-2004,2026-04-25,S07,200.25,1,store,Q2
Q2-2005,2026-04-03,S01,180.19,8,store,Q2
Q2-2006,2026-04-27,S05,249.41,5,store,Q2
Q2-2007,2026-04-25,S03,171.84,4,store,Q2
Q2-2008,2026-06-28,S05,240.32,3,online,Q2
Q2-2009,2026-04-08,S02,1010.75,5,store,Q2
Q2-2010,2026-05-09,S02,785.98,7,store,Q2
Q2-2011,2026-06-22,S04,864.6,2,online,Q2
Q2-2012,2026-06-09,S05,300.87,6,store,Q2
Q2-2013,2026-05-20,S03,1071.41,5,store,Q2
Q2-2014,2026-05-23,S08,359.19,3,online,Q2
Q2-2015,2026-06-24,S04,187.08,5,online,Q2
Q2-2016,2026-05-02,S01,254.47,5,online,Q2
Q2-2017,2026-06-10,S08,344.15,4,online,Q2
Q2-2018,2026-06-13,S01,358.77,3,store,Q2
Q2-2019,2026-06-01,S05,551.93,8,store,Q2
Q2-2020,2026-06-19,S02,757.34,1,store,Q2
Q2-2021,2026-05-22,S08,1058.88,1,store,Q2
Q2-2022,2026-05-03,S06,528.46,2,store,Q2
Q2-2023,2026-06-03,S06,204.14,6,store,Q2
Q2-2024,2026-04-15,S07,612.28,1,online,Q2
Q2-2025,2026-06-10,S08,620.1,6,store,Q2
Q2-2026,2026-06-12,S07,392.83,6,online,Q2
Q2-2027,2026-05-30,S08,410.7,8,store,Q2
Q2-2028,2026-06-17,S06,220.78,7,store,Q2
Q2-2029,2026-05-26,S08,702.66,7,store,Q2
Q2-2030,2026-04-08,S03,608.08,1,online,Q2
Q2-2031,2026-05-21,S01,501.4,2,online,Q2
Q2-2032,2026-04-25,S02,621.69,2,store,Q2
Q2-2033,2026-06-22,S01,432.74,4,store,Q2
Q2-2034,2026-06-14,S05,887.89,1,online,Q2
Q2-2035,2026-06-03,S07,846.49,6,online,Q2
Q2-2036,2026-05-31,S05,340.89,8,online,Q2
Q2-2037,2026-05-13,S07,575.23,4,store,Q2
Q2-2038,2026-06-09,S08,681.6,3,store,Q2
Q2-2039,2026-04-27,S04,437.27,2,online,Q2
Q2-2040,2026-04-15,S04,490.11,8,store,Q2
Q2-2041,2026-04-29,S03,346.16,4,store,Q2
Q2-2042,2026-06-23,S08,437.64,6,online,Q2
Q2-2043,2026-05-15,S01,501.75,2,online,Q2
Q2-2044,2026-06-07,S08,109.23,7,online,Q2
Q2-2045,2026-05-17,S05,581.14,3,online,Q2
Q2-2046,2026-06-29,S01,364.16,7,store,Q2
Q2-2047,2026-06-15,S06,886.15,5,store,Q2
Q2-2048,2026-05-14,S07,256.06,4,online,Q2
Q2-2049,2026-05-11,S01,527.44,6,store,Q2
Q2-2050,2026-05-31,S08,1007.37,4,store,Q2
Q2-2051,2026-05-08,S08,391.52,7,store,Q2
Q2-2052,2026-04-17,S04,172.57,1,online,Q2
Q2-2053,2026-06-17,S08,471.47,7,store,Q2
Q2-2054,2026-05-08,S03,339.08,3,store,Q2
Q2-2055,2026-04-11,S01,347.29,3,store,Q2
Q2-2056,2026-06-17,S06,561.45,5,store,Q2
Q2-2057,2026-06-29,S01,258.0,6,store,Q2
Q2-2058,2026-06-10,S07,571.47,3,store,Q2
Q2-2059,2026-04-17,S07,1178.46,6,store,Q2
Q2-2060,2026-05-20,S07,190.68,7,online,Q2
Q2-2061,2026-06-15,S03,494.64,6,store,Q2
Q2-2062,2026-05-30,S02,751.9,8,store,Q2
Q2-2063,2026-06-13,S01,1153.05,3,online,Q2
Q2-2064,2026-06-22,S04,604.91,5,store,Q2
Q2-2065,2026-04-25,S05,380.58,2,store,Q2
Q2-2066,2026-05-01,S06,615.23,5,store,Q2
Q2-2067,2026-04-02,S05,332.58,8,online,Q2
Q2-2068,2026-05-19,S05,496.58,4,store,Q2
Q2-2069,2026-05-07,S01,670.82,6,store,Q2
Q2-2070,2026-06-28,S07,552.25,4,online,Q2
Q2-2071,2026-06-11,S04,297.71,1,online,Q2
Q2-2072,2026-04-29,S08,288.57,4,online,Q2
Q2-2073,2026-06-17,S07,628.75,8,store,Q2
Q2-2074,2026-04-26,S07,710.13,4,store,Q2
Q2-2075,2026-04-08,S04,1466.95,3,online,Q2
Q2-2076,2026-06-07,S02,111.79,5,online,Q2
Q2-2077,2026-06-22,S01,558.18,2,store,Q2
Q2-2078,2026-04-20,S02,499.83,8,store,Q2
Q2-2079,2026-05-08,S03,1015.63,8,online,Q2
Q2-2080,2026-06-26,S03,332.98,2,store,Q2
Q2-2081,2026-05-17,S02,732.03,6,online,Q2
Q2-2082,2026-04-09,S02,302.49,7,online,Q2
Q2-2083,2026-04-04,S04,381.94,6,store,Q2
Q2-2084,2026-06-23,S08,305.9,1,online,Q2
Q2-2085,2026-06-06,S08,273.34,8,online,Q2
Q2-2086,2026-05-30,S08,522.54,8,store,Q2
Q2-2087,2026-04-15,S03,142.98,3,store,Q2
Q2-2088,2026-05-26,S06,1066.2,7,store,Q2
Q2-2089,2026-05-19,S03,1359.46,6,store,Q2
Q2-2090,2026-06-13,S05,211.31,8,store,Q2
Q2-2091,2026-05-08,S06,620.05,5,store,Q2
Q2-2092,2026-06-23,S08,213.06,5,store,Q2
Q2-2093,2026-06-08,S04,398.2,3,store,Q2
Q2-2094,2026-05-16,S05,376.94,4,store,Q2
Q2-2095,2026-04-24,S07,728.96,6,online,Q2
Q2-2096,2026-05-23,S03,709.74,2,store,Q2
Q2-2097,2026-04-28,S07,643.02,4,store,Q2
Q2-2098,2026-06-14,S05,794.87,1,online,Q2
Q2-2099,2026-04-30,S08,133.62,8,store,Q2
Q2-2100,2026-06-30,S06,453.67,8,store,Q2
Q2-2101,2026-06-20,S03,261.58,5,store,Q2
Q2-2102,2026-06-03,S05,1177.55,3,online,Q2
Q2-2103,2026-06-16,S04,723.98,6,store,Q2
Q2-2104,2026-04-25,S05,1881.22,3,store,Q2
Q2-2105,2026-04-03,S02,502.87,2,store,Q2
Q2-2106,2026-04-10,S02,517.2,7,store,Q2
Q2-2107,2026-05-16,S07,230.14,8,store,Q2
Q2-2108,2026-05-06,S08,695.28,2,online,Q2
Q2-2109,2026-04-19,S05,202.24,6,online,Q2
Q2-2110,2026-05-27,S04,764.21,7,online,Q2
Q2-2111,2026-06-02,S05,610.25,8,online,Q2
Q2-2112,2026-05-31,S06,434.64,5,store,Q2
Q2-2113,2026-05-16,S03,179.02,6,store,Q2
Q2-2114,2026-05-10,S02,440.26,5,store,Q2
Q2-2115,2026-04-01,S04,600.69,7,online,Q2
Q2-2116,2026-05-20,S03,452.39,7,store,Q2
Q2-2117,2026-05-14,S03,633.32,6,store,Q2
Q2-2118,2026-06-25,S01,213.58,4,store,Q2
Q2-2119,2026-06-20,S01,482.62,8,online,Q2
Q2-2120,2026-04-02,S05,760.35,3,store,Q2
Q2-2121,2026-04-18,S02,189.14,8,store,Q2
Q2-2122,2026-06-28,S07,303.07,4,online,Q2
Q2-2123,2026-05-29,S01,473.25,2,store,Q2
Q2-2124,2026-05-24,S06,486.8,1,store,Q2
Q2-2125,2026-06-27,S03,348.06,8,store,Q2
Q2-2126,2026-04-12,S06,759.1,3,online,Q2
Q2-2127,2026-05-19,S04,579.41,4,store,Q2
Q2-2128,2026-05-28,S05,848.81,8,online,Q2
Q2-2129,2026-04-27,S04,1275.1,2,online,Q2
Q2-2130,2026-05-05,S02,255.29,4,online,Q2
Q2-2131,2026-05-09,S07,374.28,2,online,Q2
Q2-2132,2026-05-04,S04,1650.15,1,store,Q2
Q2-2133,2026-04-27,S04,387.81,6,online,Q2
Q2-2134,2026-06-29,S04,937.59,1,store,Q2
Q2-2135,2026-06-16,S07,374.82,1,store,Q2
Q2-2136,2026-05-03,S05,158.05,3,store,Q2
Q2-2137,2026-04-13,S08,360.71,8,store,Q2
Q2-2138,2026-04-04,S04,1006.06,2,store,Q2
Q2-2139,2026-05-23,S08,360.32,4,store,Q2
Q2-2140,2026-05-07,S05,397.46,2,store,Q2
Q2-2141,2026-05-17,S03,621.21,1,online,Q2
Q2-2142,2026-05-13,S05,534.93,4,store,Q2
Q2-2143,2026-06-22,S03,450.13,7,online,Q2
Q2-2144,2026-06-13,S03,558.05,7,store,Q2
Q2-2145,2026-04-17,S01,701.76,1,store,Q2
Q2-2146,2026-05-22,S06,446.29,8,store,Q2
Q2-2147,2026-04-26,S07,145.56,6,online,Q2
Q2-2148,2026-06-23,S05,854.74,8,store,Q2
Q2-2149,2026-04-04,S04,492.03,7,online,Q2
Q2-2150,2026-06-14,S07,446.42,1,store,Q2
Q2-2151,2026-05-05,S05,360.92,4,online,Q2
Q2-2152,2026-04-24,S06,326.93,5,store,Q2
Q2-2153,2026-06-14,S08,1840.49,3,online,Q2
Q2-2154,2026-06-22,S07,163.26,5,online,Q2
Q2-2155,2026-04-26,S01,512.58,4,online,Q2
Q2-2156,2026-04-10,S01,418.02,4,online,Q2
Q2-2157,2026-06-15,S06,423.04,5,online,Q2
Q2-2158,2026-05-14,S08,405.85,7,store,Q2
Q2-2159,2026-05-31,S06,903.61,8,store,Q2
Q2-2160,2026-04-22,S07,818.51,8,online,Q2
Q2-2161,2026-06-11,S04,942.11,4,store,Q2
Q2-2162,2026-06-11,S01,623.5,7,store,Q2
Q2-2163,2026-04-11,S02,378.28,1,store,Q2
Q2-2164,2026-04-25,S04,142.85,2,online,Q2
Q2-2165,2026-06-11,S03,353.8,6,online,Q2
Q2-2166,2026-04-10,S01,351.89,7,store,Q2
Q2-2167,2026-04-19,S08,132.01,8,store,Q2
Q2-2168,2026-06-02,S02,640.53,2,online,Q2
Q2-2169,2026-04-13,S08,165.04,6,store,Q2
Q2-2170,2026-05-18,S02,898.98,2,store,Q2
Q2-2171,2026-05-27,S05,1350.23,2,store,Q2
Q2-2172,2026-04-29,S01,915.25,4,store,Q2
Q2-2173,2026-04-16,S08,1037.86,1,online,Q2
Q2-2174,2026-05-09,S03,458.67,8,store,Q2
Q2-2175,2026-04-01,S01,204.57,3,online,Q2
Q2-2176,2026-05-06,S03,678.47,3,online,Q2
Q2-2177,2026-06-22,S06,371.31,7,online,Q2
Q2-2178,2026-06-28,S01,736.4,3,store,Q2
Q2-2179,2026-06-19,S07,635.52,3,online,Q2
Q2-2180,2026-05-13,S08,1307.37,7,online,Q2
Q2-2181,2026-06-09,S03,255.09,6,store,Q2
Q2-2182,2026-05-21,S03,212.86,3,online,Q2
Q2-2183,2026-06-29,S04,379.18,7,online,Q2
Q2-2184,2026-05-02,S05,404.14,6,online,Q2
Q2-2185,2026-05-14,S07,287.28,6,store,Q2
Q2-2186,2026-06-22,S03,538.8,4,online,Q2
Q2-2187,2026-04-24,S06,758.0,4,online,Q2
Q2-2188,2026-06-04,S05,378.85,1,store,Q2
Q2-2189,2026-06-25,S02,387.69,5,store,Q2
Q2-2190,2026-04-10,S04,652.68,4,online,Q2
Q2-2191,2026-04-20,S02,387.3,2,store,Q2
Q2-2192,2026-05-15,S04,431.44,1,store,Q2
Q2-2193,2026-05-13,S08,882.36,7,store,Q2
Q2-2194,2026-05-14,S02,260.19,3,store,Q2
Q2-2195,2026-05-11,S02,539.92,6,store,Q2
Q2-2196,2026-05-26,S04,235.72,1,store,Q2
Q2-2197,2026-04-06,S03,748.1,7,store,Q2
Q2-2198,2026-06-05,S07,555.35,4,store,Q2
Q2-2199,2026-04-30,S08,300.54,3,store,Q2
Q2-2200,2026-06-26,S06,457.34,7,store,Q2
Q2-2201,2026-05-12,S01,1197.48,8,online,Q2
Q2-2202,2026-06-12,S06,914.17,6,store,Q2
Q2-2203,2026-04-23,S02,136.93,6,store,Q2
Q2-2204,2026-04-10,S05,441.26,4,online,Q2
Q2-2205,2026-06-05,S02,234.27,5,store,Q2
Q2-2206,2026-05-17,S04,234.31,2,store,Q2
Q2-2207,2026-05-17,S07,381.28,8,online,Q2
Q2-2208,2026-05-15,S05,361.11,8,store,Q2
Q2-2209,2026-05-12,S03,203.53,4,online,Q2
Q2-2210,2026-06-19,S05,1172.85,5,online,Q2
Q2-2211,2026-05-20,S05,779.16,2,store,Q2
Q2-2212,2026-05-31,S04,659.64,2,online,Q2
Q2-2213,2026-05-08,S08,881.81,8,store,Q2
Q2-2214,2026-04-26,S05,515.71,8,online,Q2
Q2-2215,2026-06-18,S02,383.33,7,store,Q2
Q2-2216,2026-05-17,S02,696.33,2,store,Q2
Q2-2217,2026-05-15,S01,803.37,7,store,Q2
Q2-2218,2026-04-14,S08,699.26,1,online,Q2
Q2-2219,2026-05-26,S05,727.43,7,store,Q2
Q2-2220,2026-06-11,S06,707.52,2,store,Q2
Q2-2221,2026-04-11,S07,611.79,7,online,Q2
Q2-2222,2026-05-09,S02,559.78,8,store,Q2
Q2-2223,2026-04-28,S05,1089.9,5,store,Q2
Q2-2224,2026-05-25,S03,210.88,7,online,Q2
Q2-2225,2026-04-25,S02,730.33,1,store,Q2
Q2-2226,2026-05-28,S06,254.22,8,store,Q2
Q2-2227,2026-06-03,S01,1262.98,5,store,Q2
Q2-2228,2026-05-09,S05,662.12,8,online,Q2
Q2-2229,2026-05-25,S07,440.71,5,store,Q2
Q2-2230,2026-06-15,S06,541.17,2,store,Q2
Q2-2231,2026-05-07,S03,456.63,8,store,Q2
Q2-2232,2026-05-14,S05,405.55,6,online,Q2
Q2-2233,2026-05-30,S07,208.19,7,store,Q2
Q2-2234,2026-04-06,S05,795.94,4,online,Q2
Q2-2235,2026-06-25,S05,221.52,8,online,Q2
Q2-2236,2026-06-30,S02,161.85,6,store,Q2
Q2-2237,2026-04-25,S06,424.32,7,store,Q2
Q2-2238,2026-04-29,S01,723.35,4,online,Q2
Q2-2239,2026-04-20,S02,175.29,2,store,Q2
Q2-2240,2026-04-09,S02,275.93,2,online,Q2
Q2-2241,2026-04-19,S04,883.64,7,online,Q2
Q2-2242,2026-05-29,S07,360.06,2,online,Q2
Q2-2243,2026-05-26,S07,685.13,5,store,Q2
Q2-2244,2026-04-16,S03,720.21,1,online,Q2
Q2-2245,2026-06-12,S04,85.71,2,store,Q2
Q2-2246,2026-04-22,S08,1042.89,1,online,Q2
Q2-2247,2026-04-04,S08,856.6,3,online,Q2
Q2-2248,2026-04-17,S01,211.87,8,online,Q2
Q2-2249,2026-05-10,S06,625.61,4,store,Q2
Q2-2250,2026-05-02,S06,437.16,4,store,Q2
Q2-2251,2026-05-13,S01,145.02,4,store,Q2
Q2-2252,2026-04-29,S08,422.49,6,online,Q2
Q2-2253,2026-04-06,S01,794.85,6,online,Q2
Q2-2254,2026-06-07,S04,1235.6,4,online,Q2
Q2-2255,2026-04-08,S04,714.71,7,store,Q2
Q2-2256,2026-06-09,S01,279.59,8,online,Q2
Q2-2257,2026-04-06,S02,326.23,5,store,Q2
Q2-2258,2026-04-10,S01,367.77,7,online,Q2
Q2-2259,2026-05-25,S08,338.47,7,store,Q2
