order_id,date,city,amount,qty,qty_missing,payment,flag_impossible,flag_outlier
SO2026001,2026-03-21,Shenzhen,237.56,6.0,1,paid,False,False
SO2026002,2026-02-11,Shenzhen,847.24,1.0,0,unpaid,False,False
SO2026003,2026-02-21,Guangzhou,495.75,11.0,0,paid,False,False
SO2026004,2026-03-18,Guangzhou,-500.0,6.0,0,paid,True,False
SO2026005,2026-03-16,Shenzhen,2180.7,6.0,1,not_applicable,False,True
SO2026006,2026-03-02,Shenzhen,327.71,10.0,0,unknown,False,False
SO2026007,2026-01-05,Shenzhen,228.29,11.0,0,paid,False,False
SO2026008,2026-04-04,Guangzhou,0.0,6.0,0,paid,True,False
SO2026009,2026-04-24,Shenzhen,0.4,6.0,0,paid,False,False
SO2026010,2026-03-01,Shenzhen,1009.6,6.0,1,paid,False,False
SO2026011,2026-04-28,Shenzhen,351.89,8.0,0,unpaid,False,False
SO2026012,2026-02-13,Shenzhen,848.4,5.0,0,not_applicable,False,False
SO2026013,2026-02-04,Guangzhou,174.03,4.0,0,not_applicable,False,False
SO2026014,2026-04-07,Shenzhen,4386.24,3.0,0,not_applicable,False,True
SO2026015,2026-02-25,Shenzhen,587.47,2.0,0,paid,False,False
SO2026016,2026-03-12,Shenzhen,262.47,9.0,0,not_applicable,False,False
SO2026017,2026-03-04,Guangzhou,398.37,2.0,0,unpaid,False,False
SO2026018,2026-03-29,Shenzhen,1485.24,7.0,0,paid,False,False
SO2026019,2026-01-13,Guangzhou,0.5,6.0,1,paid,False,False
SO2026020,2026-03-13,Shenzhen,0.2,3.0,0,paid,False,False
SO2026021,2026-01-14,Guangzhou,425.12,9.0,0,not_applicable,False,False
SO2026022,2026-04-05,Shenzhen,320.97,8.0,0,paid,False,False
SO2026023,2026-02-14,Shenzhen,391.96,4.0,0,unpaid,False,False
SO2026024,2026-04-20,Shenzhen,187.42,6.0,1,not_applicable,False,False
SO2026025,2026-04-09,Guangzhou,217.57,6.0,0,unpaid,False,False
SO2026026,2026-04-27,Guangzhou,456.23,11.0,0,not_applicable,False,False
SO2026027,2026-03-05,Shenzhen,382.48,4.0,0,not_applicable,False,False
SO2026028,2026-01-17,Shenzhen,356.93,4.0,0,paid,False,False
SO2026029,2026-01-13,Guangzhou,340.14,4.0,0,unpaid,False,False
SO2026030,2026-04-03,Shenzhen,0.2,6.0,1,paid,False,False
SO2026031,2026-01-14,Shenzhen,207.32,10.0,0,not_applicable,False,False
SO2026032,2026-01-13,Shenzhen,0.7,3.0,0,not_applicable,False,False
SO2026033,2026-01-23,Shenzhen,0.6,4.0,0,paid,False,False
SO2026034,2026-02-28,Guangzhou,1156.14,1.0,0,not_applicable,False,False
SO2026035,2026-03-03,Guangzhou,525.73,6.0,1,unknown,False,False
SO2026036,2026-04-19,Guangzhou,1.0,11.0,0,paid,False,False
SO2026037,2026-03-16,Shenzhen,0.7,4.0,0,paid,False,False
SO2026038,2026-01-10,Guangzhou,81.09,6.0,0,not_applicable,False,False
SO2026039,2026-01-18,Guangzhou,0.2,4.0,0,not_applicable,False,False
SO2026040,2026-03-06,Shenzhen,1003.63,5.0,0,unpaid,False,False
SO2026041,2026-03-27,Guangzhou,1808.0,1.0,0,paid,False,True
SO2026042,2026-01-26,Shenzhen,903.55,2.0,0,paid,False,False
SO2026043,2026-02-24,Shenzhen,389.99,9.0,0,paid,False,False
SO2026044,2026-01-10,Shenzhen,310.1,8.0,0,unpaid,False,False
SO2026045,2026-02-22,Shenzhen,0.2,11.0,0,paid,False,False
SO2026046,2026-02-02,Guangzhou,169.72,6.0,1,not_applicable,False,False
SO2026047,2026-01-20,Guangzhou,495.51,4.0,0,paid,False,False
SO2026048,2026-04-15,Shenzhen,0.2,5.0,0,unpaid,False,False
SO2026049,2026-02-08,Guangzhou,857.76,11.0,0,unknown,False,False
SO2026050,2026-01-13,Guangzhou,940.81,8.0,0,unpaid,False,False
SO2026051,2026-04-10,Guangzhou,562.06,8.0,0,paid,False,False
SO2026052,2026-04-05,Guangzhou,897.91,8.0,0,unknown,False,False
SO2026053,2026-03-07,Shenzhen,1013.01,5.0,0,not_applicable,False,False
SO2026054,2026-01-20,Guangzhou,135.14,7.0,0,unknown,False,False
SO2026055,2026-02-23,Shenzhen,517.52,3.0,0,unknown,False,False
SO2026056,2026-02-03,Shenzhen,572.42,1.0,0,unpaid,False,False
SO2026057,2026-04-11,Shenzhen,1273.98,11.0,0,unknown,False,False
SO2026058,2026-03-01,Guangzhou,818.13,10.0,0,not_applicable,False,False
SO2026059,2026-04-21,Guangzhou,0.3,1.0,0,unpaid,False,False
SO2026060,2026-04-22,Shenzhen,0.2,4.0,0,paid,False,False
SO2026061,2026-02-25,Guangzhou,397.97,2.0,0,unknown,False,False
SO2026062,2026-01-14,Shenzhen,343.9,7.0,0,paid,False,False
SO2026063,2026-02-08,Shenzhen,453.55,6.0,0,paid,False,False
SO2026064,2026-02-19,Shenzhen,1532.42,1.0,0,not_applicable,False,False
SO2026065,2026-04-21,Guangzhou,128.46,6.0,1,paid,False,False
SO2026066,2026-04-25,Shenzhen,577.79,3.0,0,unknown,False,False
SO2026067,2026-01-17,Guangzhou,768.97,6.0,0,not_applicable,False,False
SO2026068,2026-01-22,Shenzhen,489.89,8.0,0,paid,False,False
SO2026069,2026-04-11,Guangzhou,495.64,3.0,0,not_applicable,False,False
SO2026070,2026-02-17,Guangzhou,350.68,8.0,0,not_applicable,False,False
SO2026071,2026-04-05,Shenzhen,275.88,3.0,0,paid,False,False
SO2026072,2026-04-27,Guangzhou,815.86,6.0,1,unknown,False,False
SO2026073,2026-04-06,Shenzhen,2698.57,4.0,0,paid,False,True
SO2026074,2026-01-31,Shenzhen,688.62,3.0,0,paid,False,False
SO2026075,2026-02-08,Shenzhen,0.5,8.0,0,unknown,False,False
SO2026076,2026-04-22,Guangzhou,257.86,6.0,1,paid,False,False
SO2026077,2026-01-31,Shenzhen,902.79,7.0,0,unpaid,False,False
SO2026078,2026-04-07,Shenzhen,715.85,6.0,1,paid,False,False
SO2026079,2026-04-20,Shenzhen,415.22,6.0,1,not_applicable,False,False
SO2026080,2026-02-07,Shenzhen,0.6,11.0,0,not_applicable,False,False
SO2026081,2026-03-22,Shenzhen,294.95,10.0,0,paid,False,False
SO2026082,2026-01-04,Guangzhou,1552.5,8.0,0,paid,False,False
SO2026083,2026-03-26,Shenzhen,866.96,9.0,0,paid,False,False
SO2026084,2026-04-24,Guangzhou,255.67,1.0,0,paid,False,False
SO2026085,2026-02-05,Guangzhou,0.2,3.0,0,unknown,False,False
SO2026086,2026-04-27,Guangzhou,1716.36,3.0,0,not_applicable,False,True
SO2026087,2026-03-23,Shenzhen,641.96,11.0,0,not_applicable,False,False
SO2026088,2026-04-27,Shenzhen,0.6,5.0,0,not_applicable,False,False
SO2026089,2026-04-28,Shenzhen,364.69,7.0,0,not_applicable,False,False
SO2026090,2026-03-11,Shenzhen,183.32,6.0,0,not_applicable,False,False
SO2026091,2026-01-30,Shenzhen,149.41,1.0,0,not_applicable,False,False
SO2026092,2026-01-04,Shenzhen,1544.42,3.0,0,paid,False,False
SO2026093,2026-01-09,Guangzhou,318.23,9.0,0,unpaid,False,False
SO2026094,2026-03-21,Shenzhen,590.82,4.0,0,unpaid,False,False
SO2026095,2026-01-25,Guangzhou,0.3,2.0,0,not_applicable,False,False
SO2026096,2026-04-11,Shenzhen,0.9,4.0,0,paid,False,False
SO2026097,2026-02-05,Shenzhen,1347.9,6.0,1,not_applicable,False,False
SO2026098,2026-03-19,Guangzhou,824.59,3.0,0,not_applicable,False,False
SO2026099,2026-01-27,Shenzhen,1734.22,5.0,0,paid,False,True
SO2026100,2026-04-20,Guangzhou,574.69,6.0,0,paid,False,False
SO2026101,2026-01-09,Shenzhen,0.2,10.0,0,paid,False,False
SO2026102,2026-04-06,Shenzhen,1401.4,1.0,0,not_applicable,False,False
SO2026103,2026-02-23,Shenzhen,419.31,11.0,0,unknown,False,False
SO2026104,2026-02-22,Shenzhen,695.93,1.0,0,not_applicable,False,False
SO2026105,2026-04-10,Shenzhen,416.06,4.0,0,paid,False,False
SO2026106,2026-03-24,Guangzhou,530.59,5.0,0,unpaid,False,False
SO2026107,2026-01-13,Shenzhen,0.5,2.0,0,not_applicable,False,False
SO2026108,2026-03-10,Shenzhen,32.48,5.0,0,not_applicable,False,False
SO2026109,2026-04-08,Guangzhou,559.06,3.0,0,paid,False,False
SO2026111,2026-01-10,Guangzhou,566.15,8.0,0,not_applicable,False,False
SO2026112,2026-04-20,Guangzhou,886.1,4.0,0,not_applicable,False,False
SO2026113,2026-03-22,Shenzhen,0.3,10.0,0,paid,False,False
SO2026114,2026-03-08,Shenzhen,600.76,2.0,0,unpaid,False,False
SO2026115,2026-04-27,Guangzhou,504.43,3.0,0,unknown,False,False
SO2026116,2026-01-08,Guangzhou,875.87,10.0,0,not_applicable,False,False
SO2026118,2026-03-31,Shenzhen,298.84,4.0,0,paid,False,False
SO2026119,2026-04-29,Guangzhou,420.69,7.0,0,paid,False,False
SO2026120,2026-01-23,Shenzhen,131.92,7.0,0,not_applicable,False,False
SO2026121,2026-03-29,Guangzhou,726.13,9.0,0,paid,False,False
SO2026122,2026-03-22,Guangzhou,515.23,1.0,0,not_applicable,False,False
SO2026123,2026-04-10,Shenzhen,340.97,10.0,0,not_applicable,False,False
SO2026124,2026-03-21,Shenzhen,613.41,5.0,0,paid,False,False
SO2026125,2026-04-18,Guangzhou,0.8,9.0,0,paid,False,False
SO2026126,2026-01-22,Guangzhou,0.3,3.0,0,paid,False,False
SO2026127,2026-01-13,Shenzhen,0.3,1.0,0,not_applicable,False,False
SO2026128,2026-02-02,Guangzhou,496.89,11.0,0,unknown,False,False
SO2026129,2026-02-05,Shenzhen,257.04,6.0,0,not_applicable,False,False
SO2026131,2026-02-03,Guangzhou,248.16,1.0,0,unknown,False,False
SO2026132,2026-02-21,Shenzhen,648.98,9.0,0,unpaid,False,False
SO2026133,2026-01-19,Guangzhou,0.4,10.0,0,not_applicable,False,False
SO2026134,2026-01-07,Shenzhen,388.88,1.0,0,unpaid,False,False
SO2026135,2026-03-06,Shenzhen,583.06,5.0,0,unpaid,False,False
SO2026136,2026-01-25,Shenzhen,1577.29,5.0,0,unpaid,False,True
SO2026137,2026-03-20,Guangzhou,875.22,5.0,0,paid,False,False
SO2026138,2026-04-28,Guangzhou,0.1,4.0,0,not_applicable,False,False
SO2026139,2026-01-22,Guangzhou,504.93,5.0,0,unknown,False,False
SO2026140,2026-01-16,Shenzhen,0.2,4.0,0,paid,False,False
SO2026141,2026-03-25,Shenzhen,0.3,1.0,0,not_applicable,False,False
SO2026142,2026-03-08,Guangzhou,632.12,7.0,0,paid,False,False
SO2026143,2026-02-12,Shenzhen,422.95,6.0,0,paid,False,False
SO2026144,2026-04-23,Shenzhen,281.4,2.0,0,unpaid,False,False
SO2026145,2026-01-06,Guangzhou,102.98,11.0,0,unpaid,False,False
SO2026146,2026-01-29,Guangzhou,0.7,5.0,0,not_applicable,False,False
SO2026148,2026-02-16,Guangzhou,1.1,7.0,0,paid,False,False
SO2026149,2026-02-21,Guangzhou,0.4,8.0,0,paid,False,False
SO2026150,2026-02-10,Guangzhou,482.92,4.0,0,unpaid,False,False
SO2026151,2026-03-12,Guangzhou,3231.94,3.0,0,unknown,False,True
SO2026152,2026-04-01,Shenzhen,354.1,5.0,0,not_applicable,False,False
SO2026153,2026-03-07,Shenzhen,342.67,3.0,0,not_applicable,False,False
SO2026154,2026-04-30,Shenzhen,693.09,1.0,0,unknown,False,False
SO2026155,2026-01-09,Shenzhen,0.5,2.0,0,unpaid,False,False
SO2026156,2026-03-22,Shenzhen,247.25,2.0,0,paid,False,False
SO2026157,2026-02-12,Guangzhou,933.25,8.0,0,paid,False,False
SO2026158,2026-01-13,Shenzhen,772.56,6.0,0,unknown,False,False
SO2026159,2026-03-12,Guangzhou,815.5,10.0,0,paid,False,False
SO2026160,2026-04-02,Guangzhou,357.94,1.0,0,unknown,False,False
SO2026161,2026-04-01,Shenzhen,1768.29,3.0,0,not_applicable,False,True
SO2026162,2026-03-24,Guangzhou,457.23,9.0,0,unpaid,False,False
SO2026163,2026-03-01,Guangzhou,0.2,8.0,0,not_applicable,False,False
SO2026164,2026-04-11,Shenzhen,1524.05,2.0,0,paid,False,False
SO2026166,2026-03-18,Shenzhen,669.04,3.0,0,not_applicable,False,False
SO2026167,2026-03-28,Guangzhou,727.93,3.0,0,unknown,False,False
SO2026168,2026-02-24,Guangzhou,0.4,10.0,0,not_applicable,False,False
SO2026169,2026-01-13,Shenzhen,601.11,1.0,0,paid,False,False
SO2026170,2026-03-12,Guangzhou,0.7,1.0,0,unknown,False,False
SO2026171,2026-04-11,Shenzhen,632.53,9.0,0,paid,False,False
SO2026172,2026-02-25,Guangzhou,0.3,10.0,0,not_applicable,False,False
SO2026173,2026-01-05,Shenzhen,871.7,1.0,0,paid,False,False
SO2026174,2026-03-04,Shenzhen,400.19,6.0,1,paid,False,False
SO2026175,2026-03-13,Shenzhen,308.9,8.0,0,paid,False,False
SO2026176,2026-04-05,Guangzhou,406.59,3.0,0,unpaid,False,False
SO2026177,2026-03-26,Shenzhen,340.88,8.0,0,not_applicable,False,False
SO2026178,2026-01-27,Shenzhen,1009.85,7.0,0,not_applicable,False,False
SO2026179,2026-04-02,Shenzhen,208.76,6.0,0,paid,False,False
SO2026180,2026-01-02,Guangzhou,962.35,1.0,0,unpaid,False,False
SO2026181,2026-03-04,Shenzhen,316.19,6.0,1,not_applicable,False,False
SO2026182,2026-04-26,Shenzhen,1.1,4.0,0,paid,False,False
SO2026183,2026-04-13,Guangzhou,673.34,9.0,0,unknown,False,False
SO2026184,2026-01-12,Guangzhou,0.2,3.0,0,unpaid,False,False
SO2026185,2026-03-18,Guangzhou,1022.72,8.0,0,not_applicable,False,False
SO2026186,2026-04-18,Guangzhou,880.61,6.0,1,unknown,False,False
SO2026187,2026-03-21,Shenzhen,238.6,9.0,0,unknown,False,False
SO2026188,2026-04-13,Shenzhen,688.0,3.0,0,not_applicable,False,False
SO2026189,2026-01-16,Guangzhou,0.7,3.0,0,unknown,False,False
SO2026190,2026-04-16,Guangzhou,846.82,6.0,1,not_applicable,False,False
SO2026191,2026-04-18,Shenzhen,1337.61,6.0,0,paid,False,False
SO2026192,2026-02-08,Shenzhen,579.99,7.0,0,not_applicable,False,False
SO2026193,2026-04-13,Shenzhen,580.47,6.0,0,paid,False,False
SO2026194,2026-01-28,Shenzhen,584.17,5.0,0,paid,False,False
SO2026195,2026-02-17,Guangzhou,2274.29,2.0,0,unpaid,False,True
SO2026196,2026-02-10,Shenzhen,620.78,3.0,0,not_applicable,False,False
SO2026197,2026-02-02,Guangzhou,98.71,7.0,0,not_applicable,False,False
SO2026198,2026-04-13,Shenzhen,401.5,4.0,0,paid,False,False
SO2026199,2026-02-02,Guangzhou,0.2,9.0,0,unpaid,False,False
SO2026200,2026-04-06,Shenzhen,477.33,1.0,0,paid,False,False
SO2026201,2026-01-08,Shenzhen,771.6,9.0,0,unpaid,False,False
SO2026202,2026-04-08,Guangzhou,442.65,4.0,0,not_applicable,False,False
SO2026203,2026-02-07,Guangzhou,3799.77,4.0,0,paid,False,True
SO2026204,2026-01-05,Guangzhou,280.11,5.0,0,not_applicable,False,False
SO2026205,2026-03-11,Shenzhen,345.23,2.0,0,unpaid,False,False
SO2026206,2026-04-08,Guangzhou,1297.58,9.0,0,unpaid,False,False
SO2026207,2026-04-03,Guangzhou,247.83,7.0,0,paid,False,False
SO2026208,2026-04-13,Shenzhen,304.43,1.0,0,unknown,False,False
SO2026209,2026-01-13,Shenzhen,553.01,7.0,0,unknown,False,False
SO2026210,2026-03-19,Guangzhou,794.28,2.0,0,unknown,False,False
SO2026211,2026-02-18,Shenzhen,194.71,2.0,0,not_applicable,False,False
SO2026212,2026-01-27,Shenzhen,573.71,10.0,0,unknown,False,False
SO2026213,2026-03-01,Shenzhen,263.07,9.0,0,unpaid,False,False
SO2026214,2026-03-30,Shenzhen,342.02,7.0,0,not_applicable,False,False
SO2026215,2026-02-21,Guangzhou,0.5,7.0,0,unknown,False,False
SO2026216,2026-03-30,Guangzhou,242.31,8.0,0,paid,False,False
SO2026217,2026-02-28,Shenzhen,1.5,6.0,0,not_applicable,False,False
SO2026218,2026-03-20,Shenzhen,0.6,7.0,0,not_applicable,False,False
SO2026219,2026-03-15,Shenzhen,462.5,2.0,0,not_applicable,False,False
SO2026220,2026-04-13,Guangzhou,344.61,8.0,0,paid,False,False
SO2026221,2026-01-10,Shenzhen,116.47,6.0,1,unknown,False,False
SO2026222,2026-02-03,Shenzhen,1.1,6.0,1,paid,False,False
SO2026223,2026-01-14,Guangzhou,203.84,1.0,0,paid,False,False
SO2026224,2026-01-29,Shenzhen,1.2,2.0,0,paid,False,False
SO2026225,2026-02-17,Guangzhou,1438.24,2.0,0,paid,False,False
SO2026226,2026-04-22,Shenzhen,580.79,6.0,1,paid,False,False
SO2026227,2026-01-14,Shenzhen,1563.78,6.0,0,paid,False,False
SO2026228,2026-01-28,Shenzhen,1.0,10.0,0,paid,False,False
SO2026229,2026-03-07,Guangzhou,541.73,4.0,0,unpaid,False,False
SO2026230,2026-02-08,Guangzhou,391.59,7.0,0,not_applicable,False,False
SO2026231,2026-04-07,Guangzhou,703.82,6.0,0,not_applicable,False,False
SO2026232,2026-02-07,Shenzhen,362.78,7.0,0,not_applicable,False,False
SO2026233,2026-01-25,Guangzhou,0.4,3.0,0,unknown,False,False
SO2026234,2026-01-02,Guangzhou,0.4,1.0,0,paid,False,False
SO2026235,2026-01-20,Guangzhou,0.6,8.0,0,paid,False,False
SO2026236,2026-01-17,Shenzhen,145.78,1.0,0,paid,False,False
SO2026237,2026-02-27,Shenzhen,745.12,3.0,0,paid,False,False
SO2026238,2026-04-15,Shenzhen,3366.86,5.0,0,paid,False,True
SO2026239,2026-04-20,Guangzhou,435.22,6.0,0,paid,False,False
SO2026240,2026-03-18,Shenzhen,154.23,6.0,1,unpaid,False,False
SO2026241,2026-01-16,Guangzhou,0.4,1.0,0,not_applicable,False,False
SO2026242,2026-03-01,Shenzhen,0.6,11.0,0,paid,False,False
SO2026243,2026-03-24,Guangzhou,1.0,7.0,0,not_applicable,False,False
SO2026244,2026-01-02,Shenzhen,0.4,5.0,0,not_applicable,False,False
SO2026245,2026-03-26,Guangzhou,689.68,2.0,0,not_applicable,False,False
SO2026246,2026-01-22,Shenzhen,0.6,6.0,1,not_applicable,False,False
SO2026247,2026-03-14,Guangzhou,352.76,11.0,0,not_applicable,False,False
SO2026248,2026-02-12,Shenzhen,573.19,10.0,0,paid,False,False
SO2026249,2026-01-18,Guangzhou,1.3,8.0,0,not_applicable,False,False
SO2026250,2026-01-28,Shenzhen,0.2,5.0,0,paid,False,False
SO2026251,2026-01-30,Shenzhen,631.46,5.0,0,paid,False,False
SO2026252,2026-03-18,Guangzhou,0.3,9.0,0,unpaid,False,False
SO2026253,2026-04-10,Guangzhou,485.54,10.0,0,not_applicable,False,False
SO2026254,2026-01-20,Shenzhen,123.15,1.0,0,not_applicable,False,False
SO2026255,2026-01-24,Guangzhou,832.09,8.0,0,paid,False,False
SO2026256,2026-01-04,Shenzhen,0.9,9.0,0,paid,False,False
SO2026257,2026-01-08,Guangzhou,182.6,11.0,0,unpaid,False,False
SO2026258,2026-01-18,Shenzhen,530.68,7.0,0,not_applicable,False,False
SO2026259,2026-04-23,Shenzhen,138.17,2.0,0,unpaid,False,False
SO2026260,2026-02-03,Guangzhou,1210.5,4.0,0,not_applicable,False,False
SO2026262,2026-01-01,Shenzhen,710.83,6.0,1,unpaid,False,False
SO2026263,2026-03-30,Shenzhen,1052.18,6.0,1,not_applicable,False,False
SO2026264,2026-02-13,Guangzhou,547.4,8.0,0,paid,False,False
SO2026265,2026-02-01,Guangzhou,815.38,5.0,0,paid,False,False
SO2026266,2026-04-03,Guangzhou,686.43,3.0,0,not_applicable,False,False
SO2026267,2026-01-29,Shenzhen,293.7,6.0,0,paid,False,False
SO2026268,2026-03-24,Guangzhou,404.75,1.0,0,paid,False,False
SO2026269,2026-04-09,Shenzhen,0.2,9.0,0,paid,False,False
SO2026270,2026-01-16,Shenzhen,2552.22,6.0,1,unpaid,False,True
SO2026271,2026-02-04,Guangzhou,1438.14,6.0,0,unknown,False,False
SO2026272,2026-03-24,Guangzhou,503.11,6.0,0,paid,False,False
SO2026273,2026-02-18,Guangzhou,257.38,9.0,0,paid,False,False
SO2026274,2026-04-01,Shenzhen,523.54,4.0,0,unpaid,False,False
SO2026275,2026-04-10,Shenzhen,400.23,6.0,1,paid,False,False
SO2026276,2026-04-28,Shenzhen,280.54,7.0,0,paid,False,False
SO2026277,2026-01-26,Shenzhen,200.6,5.0,0,not_applicable,False,False
SO2026278,2026-03-26,Guangzhou,0.4,3.0,0,not_applicable,False,False
SO2026279,2026-01-19,Guangzhou,400.83,1.0,0,unknown,False,False
SO2026280,2026-03-04,Shenzhen,0.6,4.0,0,not_applicable,False,False
SO2026281,2026-03-13,Guangzhou,328.36,11.0,0,not_applicable,False,False
SO2026283,2026-02-20,Shenzhen,285.78,6.0,1,not_applicable,False,False
SO2026284,2026-01-23,Shenzhen,1303.01,4.0,0,paid,False,False
SO2026285,2026-01-09,Guangzhou,487.01,4.0,0,not_applicable,False,False
SO2026286,2026-03-24,Shenzhen,1543.7,10.0,0,not_applicable,False,False
SO2026287,2026-01-07,Guangzhou,252.1,11.0,0,unpaid,False,False
SO2026288,2026-03-10,Guangzhou,110.2,4.0,0,paid,False,False
SO2026289,2026-01-09,Guangzhou,233.32,5.0,0,not_applicable,False,False
SO2026290,2026-03-06,Guangzhou,833.35,8.0,0,paid,False,False
SO2026291,2026-04-14,Shenzhen,400.53,8.0,0,paid,False,False
SO2026292,2026-02-12,Shenzhen,285.11,3.0,0,paid,False,False
SO2026293,2026-03-13,Shenzhen,1676.11,6.0,1,not_applicable,False,True
SO2026294,2026-01-06,Guangzhou,386.43,8.0,0,paid,False,False
SO2026295,2026-02-24,Guangzhou,0.5,8.0,0,paid,False,False
SO2026296,2026-03-26,Shenzhen,2494.86,1.0,0,paid,False,True
SO2026297,2026-02-24,Shenzhen,2.1,10.0,0,paid,False,False
SO2026298,2026-02-21,Shenzhen,253.66,6.0,1,paid,False,False
SO2026299,2026-01-15,Guangzhou,692.92,6.0,0,paid,False,False
SO2026300,2026-04-25,Guangzhou,0.4,6.0,1,unknown,False,False
SO2026301,2026-03-24,Guangzhou,0.1,1.0,0,not_applicable,False,False
SO2026302,2026-03-03,Guangzhou,355.85,7.0,0,paid,False,False
SO2026303,2026-02-02,Shenzhen,917.75,4.0,0,unpaid,False,False
SO2026304,2026-02-24,Shenzhen,419.96,3.0,0,paid,False,False
SO2026305,2026-01-04,Shenzhen,0.9,3.0,0,paid,False,False
SO2026306,2026-02-03,Shenzhen,1101.83,1.0,0,paid,False,False
SO2026308,2026-03-02,Shenzhen,439.89,6.0,1,unpaid,False,False
SO2026309,2026-03-08,Guangzhou,281.03,4.0,0,unknown,False,False
SO2026310,2026-01-30,Shenzhen,438.83,6.0,1,unknown,False,False
SO2026311,2026-02-15,Shenzhen,0.9,1.0,0,unpaid,False,False
SO2026312,2026-01-04,Shenzhen,778.36,6.0,1,not_applicable,False,False
SO2026313,2026-04-08,Guangzhou,459.27,8.0,0,paid,False,False
SO2026314,2026-03-24,Shenzhen,143.13,8.0,0,paid,False,False
SO2026315,2026-03-04,Shenzhen,754.7,11.0,0,paid,False,False
SO2026316,2026-03-15,Shenzhen,1085.09,10.0,0,unpaid,False,False
SO2026317,2026-04-26,Shenzhen,3612.48,4.0,0,unpaid,False,True
SO2026318,2026-01-04,Shenzhen,1758.51,6.0,1,not_applicable,False,True
SO2026319,2026-01-30,Shenzhen,980.0,8.0,0,unknown,False,False
SO2026320,2026-03-10,Guangzhou,188.46,1.0,0,paid,False,False
SO2026321,2026-03-30,Shenzhen,232.07,6.0,0,paid,False,False
SO2026322,2026-01-03,Guangzhou,0.2,11.0,0,paid,False,False
SO2026323,2026-04-12,Guangzhou,1137.05,2.0,0,unknown,False,False
SO2026324,2026-04-20,Shenzhen,1456.23,5.0,0,paid,False,False
SO2026325,2026-03-25,Shenzhen,658.95,6.0,1,paid,False,False
SO2026327,2026-04-18,Shenzhen,366.37,11.0,0,not_applicable,False,False
SO2026328,2026-01-23,Shenzhen,150.08,4.0,0,paid,False,False
SO2026329,2026-02-25,Shenzhen,746.55,6.0,0,unknown,False,False
SO2026330,2026-01-09,Shenzhen,233.53,4.0,0,paid,False,False
SO2026331,2026-01-23,Shenzhen,0.1,6.0,1,paid,False,False
SO2026332,2026-04-22,Guangzhou,666.88,5.0,0,paid,False,False
SO2026333,2026-03-31,Shenzhen,1195.89,8.0,0,unknown,False,False
SO2026334,2026-02-07,Shenzhen,252.97,11.0,0,paid,False,False
SO2026335,2026-02-22,Shenzhen,359.14,2.0,0,unknown,False,False
SO2026336,2026-04-30,Guangzhou,167.4,4.0,0,paid,False,False
SO2026337,2026-02-14,Shenzhen,522.4,4.0,0,unpaid,False,False
SO2026338,2026-04-03,Shenzhen,212.6,5.0,0,paid,False,False
SO2026339,2026-04-14,Shenzhen,630.17,5.0,0,unknown,False,False
SO2026340,2026-04-23,Guangzhou,1373.25,6.0,1,unpaid,False,False
SO2026341,2026-02-26,Shenzhen,124.02,1.0,0,paid,False,False
SO2026342,2026-04-21,Shenzhen,0.9,9.0,0,unknown,False,False
SO2026343,2026-04-09,Shenzhen,1094.31,5.0,0,paid,False,False
SO2026344,2026-03-30,Guangzhou,0.4,6.0,1,not_applicable,False,False
SO2026345,2026-02-13,Guangzhou,3836.68,4.0,0,paid,False,True
SO2026346,2026-03-20,Guangzhou,583.75,9.0,0,paid,False,False
SO2026347,2026-02-25,Shenzhen,402.1,5.0,0,not_applicable,False,False
SO2026348,2026-01-20,Shenzhen,0.4,3.0,0,not_applicable,False,False
SO2026349,2026-04-14,Shenzhen,1480.71,3.0,0,not_applicable,False,False
SO2026350,2026-04-18,Guangzhou,0.2,10.0,0,paid,False,False
SO2026351,2026-02-26,Shenzhen,0.2,6.0,1,unknown,False,False
SO2026352,2026-04-25,Guangzhou,0.2,11.0,0,paid,False,False
SO2026353,2026-04-27,Shenzhen,464.74,8.0,0,not_applicable,False,False
SO2026354,2026-04-10,Shenzhen,934.68,9.0,0,unknown,False,False
SO2026355,2026-02-01,Shenzhen,536.61,1.0,0,not_applicable,False,False
SO2026356,2026-04-19,Shenzhen,538.5,11.0,0,unknown,False,False
SO2026357,2026-04-25,Shenzhen,1211.64,8.0,0,paid,False,False
SO2026358,2026-01-01,Guangzhou,273.29,11.0,0,not_applicable,False,False
SO2026359,2026-04-17,Guangzhou,738.06,8.0,0,paid,False,False
SO2026361,2026-02-17,Shenzhen,503.64,11.0,0,not_applicable,False,False
SO2026362,2026-01-26,Guangzhou,409.34,6.0,1,not_applicable,False,False
SO2026363,2026-01-08,Shenzhen,323.03,10.0,0,unpaid,False,False
SO2026364,2026-01-27,Guangzhou,469.22,5.0,0,paid,False,False
SO2026365,2026-03-14,Shenzhen,873.65,6.0,1,not_applicable,False,False
SO2026366,2026-01-05,Guangzhou,2721.5,3.0,0,not_applicable,False,True
SO2026367,2026-02-27,Guangzhou,625.44,8.0,0,unknown,False,False
SO2026368,2026-03-21,Shenzhen,135.41,6.0,1,not_applicable,False,False
SO2026369,2026-02-19,Guangzhou,0.3,4.0,0,paid,False,False
SO2026370,2026-03-09,Shenzhen,0.2,6.0,1,not_applicable,False,False
SO2026371,2026-04-09,Shenzhen,1148.88,3.0,0,not_applicable,False,False
SO2026372,2026-02-02,Shenzhen,0.1,10.0,0,unknown,False,False
SO2026373,2026-03-20,Shenzhen,770.57,2.0,0,paid,False,False
SO2026374,2026-03-28,Shenzhen,691.99,5.0,0,not_applicable,False,False
SO2026375,2026-03-21,Guangzhou,806.48,3.0,0,unknown,False,False
SO2026376,2026-02-22,Guangzhou,1381.31,3.0,0,unknown,False,False
SO2026377,2026-01-07,Shenzhen,597.17,7.0,0,not_applicable,False,False
SO2026378,2026-04-30,Shenzhen,1000.53,8.0,0,unknown,False,False
SO2026379,2026-01-24,Shenzhen,177.84,6.0,1,unpaid,False,False
SO2026380,2026-02-07,Shenzhen,478.42,9.0,0,not_applicable,False,False
SO2026381,2026-02-02,Shenzhen,0.3,6.0,1,unknown,False,False
SO2026382,2026-04-24,Shenzhen,1445.43,7.0,0,paid,False,False
SO2026383,2026-04-05,Shenzhen,0.8,5.0,0,not_applicable,False,False
SO2026384,2026-04-23,Shenzhen,430.61,6.0,1,paid,False,False
SO2026385,2026-01-24,Guangzhou,754.06,10.0,0,paid,False,False
SO2026386,2026-01-23,Guangzhou,267.38,2.0,0,paid,False,False
SO2026387,2026-02-28,Shenzhen,265.8,6.0,0,paid,False,False
SO2026388,2026-04-13,Guangzhou,297.8,5.0,0,unpaid,False,False
SO2026389,2026-03-07,Guangzhou,0.4,9.0,0,paid,False,False
SO2026390,2026-03-16,Guangzhou,1814.41,10.0,0,paid,False,True
SO2026391,2026-01-09,Guangzhou,0.3,11.0,0,paid,False,False
SO2026392,2026-04-24,Shenzhen,1355.03,7.0,0,paid,False,False
SO2026393,2026-03-24,Guangzhou,0.6,1.0,0,paid,False,False
SO2026394,2026-02-23,Shenzhen,119.1,9.0,0,paid,False,False
SO2026395,2026-04-06,Shenzhen,0.7,2.0,0,not_applicable,False,False
SO2026396,2026-01-04,Guangzhou,992.19,1.0,0,not_applicable,False,False
SO2026397,2026-03-08,Shenzhen,261.14,11.0,0,unpaid,False,False
SO2026398,2026-03-18,Shenzhen,698.41,6.0,1,not_applicable,False,False
SO2026399,2026-02-03,Guangzhou,220.42,6.0,1,paid,False,False
SO2026400,2026-01-03,Shenzhen,720.1,4.0,0,unknown,False,False
SO2026401,2026-02-22,Shenzhen,1087.44,7.0,0,unknown,False,False
SO2026402,2026-01-31,Guangzhou,421.93,3.0,0,not_applicable,False,False
SO2026403,2026-04-29,Guangzhou,464.83,6.0,1,not_applicable,False,False
SO2026404,2026-02-12,Shenzhen,1068.57,3.0,0,unknown,False,False
SO2026405,2026-01-27,Shenzhen,0.2,4.0,0,not_applicable,False,False
SO2026406,2026-01-31,Guangzhou,437.77,2.0,0,unknown,False,False
SO2026407,2026-02-04,Guangzhou,1420.18,8.0,0,unknown,False,False
SO2026408,2026-02-27,Shenzhen,0.9,10.0,0,paid,False,False
SO2026409,2026-01-06,Guangzhou,193.22,9.0,0,unknown,False,False
SO2026410,2026-03-03,Guangzhou,345.36,1.0,0,paid,False,False
SO2026411,2026-02-20,Guangzhou,2425.43,4.0,0,not_applicable,False,True
SO2026412,2026-04-21,Guangzhou,541.86,7.0,0,not_applicable,False,False
SO2026413,2026-01-31,Shenzhen,316.56,4.0,0,unknown,False,False
SO2026414,2026-02-18,Shenzhen,1005.55,11.0,0,not_applicable,False,False
SO2026415,2026-03-02,Shenzhen,596.08,5.0,0,unpaid,False,False
SO2026416,2026-01-08,Shenzhen,1961.16,9.0,0,not_applicable,False,True
SO2026417,2026-02-08,Shenzhen,1456.68,2.0,0,paid,False,False
SO2026418,2026-02-18,Shenzhen,908.86,3.0,0,paid,False,False
SO2026419,2026-04-01,Guangzhou,632.23,7.0,0,paid,False,False
SO2026420,2026-04-07,Shenzhen,324.9,7.0,0,not_applicable,False,False
SO2026421,2026-02-08,Shenzhen,0.2,8.0,0,not_applicable,False,False
SO2026422,2026-01-06,Shenzhen,360.57,9.0,0,not_applicable,False,False
SO2026423,2026-01-08,Guangzhou,153.91,7.0,0,paid,False,False
SO2026424,2026-02-21,Shenzhen,227.42,8.0,0,paid,False,False
SO2026425,2026-02-14,Shenzhen,802.33,8.0,0,not_applicable,False,False
SO2026426,2026-04-15,Shenzhen,0.4,4.0,0,unpaid,False,False
SO2026427,2026-01-12,Shenzhen,696.05,7.0,0,paid,False,False
SO2026428,2026-01-08,Shenzhen,542.78,6.0,0,not_applicable,False,False
SO2026429,2026-01-23,Shenzhen,397.26,10.0,0,paid,False,False
SO2026430,2026-01-09,Guangzhou,175.52,3.0,0,paid,False,False
SO2026431,2026-03-23,Guangzhou,1311.18,2.0,0,paid,False,False
SO2026432,2026-02-19,Guangzhou,331.38,6.0,0,paid,False,False
SO2026433,2026-03-04,Guangzhou,335.08,4.0,0,not_applicable,False,False
SO2026434,2026-03-31,Shenzhen,0.3,2.0,0,paid,False,False
SO2026435,2026-02-18,Shenzhen,252.49,2.0,0,not_applicable,False,False
SO2026436,2026-02-09,Shenzhen,621.81,2.0,0,not_applicable,False,False
SO2026437,2026-03-25,Guangzhou,65.92,9.0,0,paid,False,False
SO2026438,2026-04-30,Shenzhen,442.4,11.0,0,unknown,False,False
SO2026439,2026-03-22,Shenzhen,0.4,3.0,0,unknown,False,False
SO2026440,2026-02-25,Shenzhen,509.81,3.0,0,not_applicable,False,False
SO2026441,2026-01-13,Guangzhou,1320.18,2.0,0,paid,False,False
SO2026442,2026-01-29,Shenzhen,0.4,10.0,0,paid,False,False
SO2026443,2026-03-19,Shenzhen,1.6,6.0,1,not_applicable,False,False
SO2026444,2026-02-17,Guangzhou,117.94,11.0,0,paid,False,False
SO2026445,2026-01-08,Shenzhen,432.5,5.0,0,not_applicable,False,False
SO2026446,2026-02-18,Guangzhou,0.6,8.0,0,paid,False,False
SO2026447,2026-04-07,Shenzhen,544.14,6.0,1,unpaid,False,False
SO2026448,2026-04-20,Guangzhou,949.9,5.0,0,paid,False,False
SO2026449,2026-03-27,Guangzhou,692.4,3.0,0,paid,False,False
SO2026450,2026-04-30,Shenzhen,0.9,11.0,0,paid,False,False
SO2026451,2026-02-10,Guangzhou,0.2,4.0,0,unknown,False,False
SO2026452,2026-01-04,Shenzhen,236.52,11.0,0,unknown,False,False
SO2026453,2026-04-05,Guangzhou,0.3,10.0,0,unknown,False,False
SO2026454,2026-02-04,Guangzhou,3.8,8.0,0,paid,False,False
SO2026455,2026-01-30,Shenzhen,214.86,1.0,0,not_applicable,False,False
SO2026456,2026-04-14,Shenzhen,2019.41,6.0,1,not_applicable,False,True
SO2026457,2026-03-24,Shenzhen,0.3,5.0,0,paid,False,False
SO2026458,2026-03-11,Guangzhou,3099.62,3.0,0,unknown,False,True
SO2026459,2026-02-27,Guangzhou,628.54,11.0,0,not_applicable,False,False
SO2026460,2026-04-08,Shenzhen,983.04,9.0,0,unknown,False,False
SO2026461,2026-02-18,Shenzhen,234.49,9.0,0,unknown,False,False
SO2026462,2026-01-29,Shenzhen,1712.26,8.0,0,paid,False,True
SO2026463,2026-01-05,Shenzhen,456.52,9.0,0,unknown,False,False
SO2026464,2026-01-06,Shenzhen,807.58,6.0,1,unpaid,False,False
SO2026465,2026-03-23,Shenzhen,537.88,6.0,0,paid,False,False
SO2026466,2026-01-30,Shenzhen,971.17,6.0,0,not_applicable,False,False
SO2026468,2026-03-06,Shenzhen,0.1,4.0,0,paid,False,False
SO2026469,2026-01-03,Guangzhou,0.4,11.0,0,unpaid,False,False
SO2026470,2026-03-18,Shenzhen,0.3,6.0,1,not_applicable,False,False
SO2026471,2026-04-28,Guangzhou,1.0,7.0,0,unknown,False,False
SO2026472,2026-04-13,Shenzhen,520.94,10.0,0,paid,False,False
SO2026473,2026-01-11,Shenzhen,1106.95,11.0,0,not_applicable,False,False
SO2026474,2026-04-30,Shenzhen,375.54,7.0,0,paid,False,False
SO2026475,2026-03-25,Shenzhen,1.0,2.0,0,unpaid,False,False
SO2026476,2026-01-01,Guangzhou,104.3,6.0,1,paid,False,False
SO2026477,2026-04-06,Guangzhou,0.3,5.0,0,paid,False,False
SO2026478,2026-03-17,Shenzhen,808.84,4.0,0,unpaid,False,False
SO2026479,2026-02-26,Shenzhen,1051.08,8.0,0,paid,False,False
SO2026480,2026-02-15,Shenzhen,0.6,6.0,0,not_applicable,False,False
SO2026481,2026-04-06,Shenzhen,128.71,7.0,0,paid,False,False
SO2026482,2026-01-31,Shenzhen,497.26,7.0,0,paid,False,False
SO2026483,2026-01-09,Guangzhou,0.7,7.0,0,unpaid,False,False
SO2026484,2026-03-30,Shenzhen,459.15,8.0,0,unpaid,False,False
SO2026485,2026-03-21,Guangzhou,522.58,11.0,0,paid,False,False
SO2026486,2026-04-23,Guangzhou,418.9,8.0,0,not_applicable,False,False
SO2026487,2026-01-12,Shenzhen,246.43,1.0,0,not_applicable,False,False
SO2026488,2026-02-22,Guangzhou,478.5,1.0,0,unpaid,False,False
SO2026489,2026-01-13,Shenzhen,0.1,2.0,0,unknown,False,False
SO2026490,2026-03-23,Shenzhen,1723.93,11.0,0,not_applicable,False,True
SO2026491,2026-02-08,Guangzhou,539.23,6.0,1,paid,False,False
SO2026492,2026-03-29,Guangzhou,600.22,9.0,0,not_applicable,False,False
SO2026493,2026-01-10,Shenzhen,1010.96,11.0,0,not_applicable,False,False
SO2026494,2026-03-13,Guangzhou,447.99,6.0,0,unknown,False,False
SO2026495,2026-02-28,Shenzhen,0.2,8.0,0,unknown,False,False
SO2026496,2026-04-21,Shenzhen,361.59,11.0,0,not_applicable,False,False
SO2026497,2026-04-09,Guangzhou,227.22,11.0,0,not_applicable,False,False
SO2026498,2026-02-17,Shenzhen,618.25,9.0,0,not_applicable,False,False
SO2026499,2026-04-22,Shenzhen,0.2,5.0,0,paid,False,False
SO2026500,2026-04-24,Guangzhou,0.6,1.0,0,paid,False,False
SO2026501,2026-03-01,Shenzhen,0.9,6.0,0,paid,False,False
SO2026502,2026-02-16,Guangzhou,2397.46,4.0,0,not_applicable,False,True
SO2026503,2026-01-12,Guangzhou,1851.25,10.0,0,unpaid,False,True
SO2026504,2026-03-17,Shenzhen,2.6,6.0,1,not_applicable,False,False
SO2026505,2026-04-06,Shenzhen,761.84,4.0,0,paid,False,False
SO2026506,2026-02-11,Shenzhen,0.5,2.0,0,not_applicable,False,False
SO2026509,2026-01-22,Guangzhou,366.48,6.0,0,not_applicable,False,False
SO2026510,2026-04-29,Guangzhou,737.96,9.0,0,paid,False,False
SO2026511,2026-03-24,Guangzhou,391.15,7.0,0,paid,False,False
SO2026512,2026-01-24,Shenzhen,0.5,2.0,0,unpaid,False,False
SO2026513,2026-03-19,Guangzhou,1.8,9.0,0,unpaid,False,False
SO2026514,2026-03-23,Shenzhen,0.1,2.0,0,unpaid,False,False
SO2026515,2026-03-04,Shenzhen,0.7,7.0,0,paid,False,False
SO2026516,2026-04-10,Shenzhen,1.0,2.0,0,unpaid,False,False
SO2026518,2026-03-27,Shenzhen,507.31,3.0,0,paid,False,False
SO2026519,2026-03-30,Guangzhou,538.78,9.0,0,paid,False,False
SO2026521,2026-01-18,Shenzhen,314.29,6.0,0,paid,False,False
SO2026522,2026-03-01,Guangzhou,548.36,1.0,0,not_applicable,False,False
SO2026523,2026-04-06,Shenzhen,322.64,7.0,0,not_applicable,False,False
SO2026524,2026-04-04,Shenzhen,0.8,3.0,0,not_applicable,False,False
SO2026525,2026-01-03,Shenzhen,362.19,7.0,0,paid,False,False
SO2026526,2026-02-26,Shenzhen,1.1,1.0,0,not_applicable,False,False
SO2026527,2026-04-12,Shenzhen,517.83,7.0,0,not_applicable,False,False
SO2026528,2026-04-01,Shenzhen,472.64,6.0,1,not_applicable,False,False
SO2026529,2026-01-27,Guangzhou,0.3,4.0,0,paid,False,False
SO2026531,2026-04-04,Guangzhou,165.74,9.0,0,paid,False,False
SO2026532,2026-03-02,Guangzhou,461.43,6.0,1,not_applicable,False,False
SO2026533,2026-03-15,Guangzhou,353.57,10.0,0,unknown,False,False
SO2026534,2026-04-07,Shenzhen,828.71,3.0,0,unknown,False,False
SO2026535,2026-04-22,Shenzhen,224.41,8.0,0,paid,False,False
SO2026536,2026-02-05,Guangzhou,0.4,7.0,0,paid,False,False
SO2026537,2026-04-15,Guangzhou,221.07,10.0,0,unknown,False,False
SO2026538,2026-03-07,Guangzhou,414.47,6.0,0,paid,False,False
SO2026539,2026-01-21,Shenzhen,337.08,8.0,0,unpaid,False,False
SO2026540,2026-02-15,Shenzhen,763.15,6.0,0,not_applicable,False,False
SO2026541,2026-04-15,Shenzhen,472.52,3.0,0,unknown,False,False
SO2026542,2026-02-02,Shenzhen,934.16,6.0,1,paid,False,False
SO2026543,2026-03-22,Shenzhen,115.66,2.0,0,paid,False,False
SO2026544,2026-04-25,Guangzhou,0.3,10.0,0,not_applicable,False,False
SO2026545,2026-04-15,Guangzhou,271.67,11.0,0,unpaid,False,False
SO2026546,2026-04-04,Guangzhou,356.72,6.0,1,paid,False,False
SO2026547,2026-03-02,Shenzhen,1051.54,2.0,0,paid,False,False
SO2026548,2026-03-30,Guangzhou,1960.9,6.0,0,paid,False,True
SO2026549,2026-01-24,Shenzhen,287.3,9.0,0,paid,False,False
SO2026550,2026-01-08,Shenzhen,271.61,1.0,0,unpaid,False,False
SO2026551,2026-03-28,Shenzhen,386.27,10.0,0,paid,False,False
SO2026553,2026-02-05,Shenzhen,0.5,10.0,0,unpaid,False,False
SO2026554,2026-03-04,Guangzhou,521.37,8.0,0,not_applicable,False,False
SO2026555,2026-02-03,Shenzhen,576.74,6.0,0,unknown,False,False
SO2026556,2026-02-22,Shenzhen,247.17,2.0,0,paid,False,False
SO2026557,2026-03-04,Shenzhen,254.44,6.0,0,paid,False,False
SO2026558,2026-04-03,Guangzhou,220.25,11.0,0,unpaid,False,False
SO2026559,2026-04-11,Guangzhou,337.16,11.0,0,paid,False,False
SO2026560,2026-01-20,Shenzhen,631.39,10.0,0,unknown,False,False
SO2026561,2026-02-09,Shenzhen,1192.95,11.0,0,not_applicable,False,False
SO2026562,2026-02-23,Shenzhen,0.3,6.0,1,unpaid,False,False
SO2026563,2026-02-18,Guangzhou,0.5,8.0,0,unknown,False,False
SO2026564,2026-04-03,Guangzhou,270.99,2.0,0,paid,False,False
SO2026565,2026-01-06,Shenzhen,138.43,11.0,0,paid,False,False
SO2026566,2026-04-03,Guangzhou,336.68,3.0,0,not_applicable,False,False
SO2026567,2026-04-29,Guangzhou,0.6,5.0,0,not_applicable,False,False
SO2026568,2026-04-30,Guangzhou,536.49,6.0,0,paid,False,False
SO2026569,2026-03-11,Guangzhou,458.09,8.0,0,unpaid,False,False
SO2026570,2026-04-24,Shenzhen,1.1,10.0,0,unknown,False,False
SO2026571,2026-02-25,Guangzhou,0.5,9.0,0,not_applicable,False,False
SO2026572,2026-04-09,Shenzhen,478.02,3.0,0,not_applicable,False,False
SO2026573,2026-03-20,Shenzhen,501.45,6.0,1,not_applicable,False,False
SO2026574,2026-04-14,Guangzhou,394.84,6.0,0,paid,False,False
SO2026575,2026-01-12,Guangzhou,357.46,6.0,0,paid,False,False
SO2026576,2026-04-12,Shenzhen,588.11,5.0,0,unpaid,False,False
SO2026577,2026-03-24,Shenzhen,180.21,4.0,0,unpaid,False,False
SO2026578,2026-03-04,Shenzhen,0.2,6.0,1,paid,False,False
SO2026579,2026-01-24,Shenzhen,368.93,9.0,0,unknown,False,False
SO2026580,2026-04-23,Shenzhen,0.8,11.0,0,paid,False,False
SO2026581,2026-01-22,Shenzhen,297.3,4.0,0,paid,False,False
SO2026582,2026-04-09,Shenzhen,0.4,6.0,0,paid,False,False
SO2026584,2026-01-04,Shenzhen,0.5,6.0,0,unknown,False,False
SO2026585,2026-01-10,Shenzhen,1.0,6.0,0,unpaid,False,False
SO2026586,2026-01-17,Shenzhen,294.78,6.0,1,paid,False,False
SO2026587,2026-01-27,Shenzhen,830.18,6.0,1,paid,False,False
SO2026588,2026-01-16,Shenzhen,0.3,4.0,0,paid,False,False
SO2026589,2026-01-26,Shenzhen,212.44,1.0,0,not_applicable,False,False
SO2026590,2026-03-03,Guangzhou,2582.68,9.0,0,not_applicable,False,True
SO2026591,2026-01-26,Shenzhen,1114.86,6.0,1,not_applicable,False,False
SO2026592,2026-04-23,Guangzhou,0.8,2.0,0,unknown,False,False
SO2026593,2026-01-30,Guangzhou,1841.61,4.0,0,paid,False,True
SO2026594,2026-02-24,Guangzhou,257.47,8.0,0,unpaid,False,False
SO2026595,2026-01-15,Shenzhen,365.94,6.0,1,paid,False,False
SO2026596,2026-01-09,Shenzhen,106.68,3.0,0,not_applicable,False,False
SO2026597,2026-01-12,Guangzhou,523.48,4.0,0,paid,False,False
SO2026598,2026-01-25,Guangzhou,658.39,11.0,0,not_applicable,False,False
SO2026599,2026-01-16,Guangzhou,207.37,1.0,0,unknown,False,False
SO2026600,2026-01-09,Shenzhen,129.31,3.0,0,not_applicable,False,False
