day,log_return,volume,orders
1,0.005926169848746786,2192337.7847851748,8
2,0.015514841075299652,802605.0526105167,8
3,0.007473091725026808,3137217.756285696,9
4,0.020384245824862274,1174889.6362518354,8
5,0.011428268457936102,985581.9181863514,12
6,0.036020883917526635,3264450.398714129,12
7,-0.012703122727843531,2793828.270947015,16
8,0.01830472543346446,971312.1829119856,15
9,-0.01260621540671502,871708.9951238331,9
10,0.005100373808485187,2534531.81254389,15
11,-0.010216508727243,840053.0362449232,13
12,-0.014015923985337056,2447242.107210395,18
13,-0.01933221255353021,1524339.8431549212,13
14,0.012749560377048589,745175.1332685557,11
15,-0.00937962899512951,827924.8776490983,12
16,0.018421841899652177,904094.1782626233,9
17,-0.010920135620027043,762368.2628639422,11
18,0.01118030101349884,413683.3986494582,13
19,0.0023586983294950925,2561904.484678593,11
20,0.009549214900051714,957977.6355624716,12
21,0.007454542475815661,3406473.1385287335,12
22,-0.012896186391364965,1049295.1476557057,5
23,0.015373978142409015,1313143.378884691,12
24,0.019675533690970432,1001510.9372937306,15
25,-0.020033131375797913,1404541.59697677,16
26,-0.013185019006726766,2909856.3736949833,12
27,-0.010900726044383547,1376176.5097273157,12
28,0.014755342067913634,998312.5885341953,7
29,0.005628770542630125,1604237.0176117683,9
30,-0.012529743807774215,2297340.8691999693,14
31,0.01798761490595577,2901694.9518379974,5
32,0.019454675157597662,1146105.123048822,14
33,-0.0387966085307807,1407256.0831203107,10
34,0.0005611726817127693,854360.2320776716,9
35,0.04034802390513834,1803106.7626813003,9
36,0.014989775879173946,1116713.7578953663,16
37,0.011999418098382446,676886.1504665312,12
38,0.006350329168634119,2239828.686050378,10
39,0.02583819914934942,1704859.7333191948,13
40,0.025205690771267796,410140.63848868397,12
41,-0.024368735060240235,1885881.6583251285,17
42,-0.012896996222512738,1090373.2216337598,8
43,-0.02605750223913551,852251.5572338791,11
44,0.006995054791558671,2189210.0967196287,9
45,0.001970652027140446,1886089.6299635884,17
46,-0.01831607835359233,954649.520314768,16
47,-0.01738135503121565,808877.5412340214,12
48,0.0009603015525750918,2285040.2025458515,7
49,-0.014593676470815673,1460518.9988784543,9
50,-0.005593118590886327,916508.8736683524,15
51,0.016832579324811144,1704467.9973403006,10
52,-0.019311173243736487,3871905.21540672,13
53,0.010460798648631708,1063568.8210391784,9
54,0.012281959905199905,1265577.9340996156,9
55,-0.014693379555198364,920017.4896874388,10
56,0.0007177098214512125,1898068.886016384,12
57,0.012266937347628385,1767442.7762690696,16
58,0.0026745588899608395,641836.8149054386,5
59,0.025491355630509856,3195393.7306238716,13
60,-0.015811594397678957,2025428.8376105197,7
61,-0.004836235616144633,616595.1716087182,13
62,-0.010548319910048808,2621736.015628803,12
63,0.0013787525063349722,893899.6421884588,12
64,0.005546500570061555,2107579.798111565,18
65,0.002838287601177572,1130835.446809627,8
66,-0.0008023008534343034,1198849.741519598,15
67,0.014181152318469477,1525690.8009048298,13
68,0.008443694331227897,1517121.0613855617,8
69,-0.011206674746855666,2176539.205551183,10
70,0.022572226235870536,1547704.4459762292,16
71,-0.008435110020254767,1083515.7922953798,13
72,0.015618519285447155,729767.8886075068,15
73,-0.01823470424675392,2115953.9050680357,6
74,-0.020186941296671312,2185577.7673223456,5
75,-0.004444133260808317,1292283.0673460513,16
76,-0.03640048109349938,1452355.3244912152,17
77,0.001680865918140372,1630092.8214287336,17
78,0.015291860954883243,1257528.4506001351,14
79,0.006778476955401539,1210646.6405152495,9
80,0.010063493019780283,1486173.9822176814,9
81,0.020533384322086252,958869.0853708767,13
82,0.012120568028741048,554802.5489537924,11
83,-0.023561550146637734,1424315.4947544066,13
84,0.018830704241398724,870935.0477126488,13
85,-0.01106918094368546,1316558.9249104667,7
86,0.017136587182752287,1558299.29240587,13
87,0.007855513783517733,1047729.658197333,9
88,-0.0054900952183415805,1000740.4953605904,11
89,0.018631921972550945,553005.1160201491,15
90,3.5403823621700016e-05,641797.6520689565,11
91,0.0041955320265040065,1224953.4496089448,13
92,-0.008065013641306533,747551.6331233201,16
93,0.029250026632270842,1881461.0755673742,15
94,-0.020115036839087892,709991.5859636763,19
95,-0.013203517568990766,469509.0768372769,17
96,0.01727989571547326,721262.6233389266,11
97,-0.03628630210193906,643873.1006086161,13
98,-0.008694568994038273,2032908.083371982,11
99,0.0016471858397694554,744850.5185443647,13
100,-0.0136389416750999,2125633.6013907907,10
101,-0.007703237217687199,1477561.6047671877,11
102,0.006413786059946594,565412.5785571836,9
103,-0.01404133391067236,1401422.6889598065,13
104,-0.035956022540911,1398947.6182185798,14
105,-0.012375816234853508,1098636.6209683372,13
106,-0.0017064476812442438,814225.2037720616,8
107,0.014130606296827494,740077.2272870406,5
108,-0.018762284613070678,1246235.256636178,9
109,-0.016448852821642584,663665.6675596596,18
110,0.021337469244997218,1150451.6400016297,14
111,0.010146270515248416,1204491.9079514788,9
112,0.023794254247691646,368263.06013399817,9
113,0.02398002460892953,1102461.0849677064,16
114,-0.006190895903954475,2073563.7036443606,13
115,0.0032693797061996684,1145065.5788415268,15
116,0.015832872207918278,1257267.2083747524,15
117,-0.00940578665098209,2100288.7634642343,7
118,-0.02755861049710191,1633526.1145817244,10
119,0.026649296488137537,922566.1589296891,13
120,0.010661784442323293,788267.9453853465,12
121,-0.02518361223399929,1710304.5007428697,8
122,0.012581973650911774,757375.0609707895,20
123,-0.0013192679528279427,1357869.4852211892,17
124,-0.000453116733476976,1116278.1935070883,12
125,0.014172035950091495,1648081.778794232,10
126,-0.009091398615476708,2025005.6959279308,8
127,-0.004635158035633701,1095605.150987848,9
128,0.01575719393896189,1236965.3896959224,22
129,-0.020585771388244287,1193242.4627835096,14
130,0.04176856655166038,1607106.2776549128,10
131,0.02122633651838752,860758.9123689255,15
132,-0.0002512648486580306,2044876.3177745584,11
133,0.02500200904557683,926664.4960680641,17
134,-0.022498151292366247,1443888.642234577,14
135,-0.037050716958122176,1352181.1353078966,14
136,0.011095717396730712,918664.6372237266,9
137,0.026291346762538113,1854756.6086677366,10
138,-0.01624622735872273,1878253.6767445742,12
139,0.005233214901901941,1637868.407765904,7
140,0.004921982597339038,1006001.3166020765,13
141,-0.015715340943026814,922656.678276231,7
142,-0.012006042883584462,930290.1758112862,13
143,0.005891543992359648,612528.1269798786,10
144,0.02293772699468843,898987.8849108272,13
145,-0.0020577301520547536,1593414.9680760268,9
146,0.021948429918254755,1000525.0930852148,13
147,0.0007956286926389738,1737517.8791577024,8
148,0.005904534997122236,794906.51612297,7
149,0.024280798868961274,898407.7240568029,15
150,-0.02789214191481199,2997871.975880365,16
151,-0.018515094492463833,2161361.848372896,11
152,0.0009072543073130738,1082199.4719899762,9
153,0.026857084826333172,1035451.2402969007,13
154,0.012767935394412457,925731.1849795625,9
155,-0.0013570908406743785,1189946.8060380954,11
156,-0.00919454728436391,3197355.6429834203,10
157,0.002164405696623163,1030349.0629712488,8
158,0.010545770760678017,967787.1042273291,13
159,-0.01574839066445506,858550.7102698236,4
160,0.016456899797421817,328692.24264017586,11
161,0.0026942442956701157,1845043.7579742053,13
162,0.01690265780210423,2452144.9567372315,13
163,-0.013218962481277234,1219736.5674538247,12
164,-0.017948174001627227,2288541.0442364565,10
165,0.011128979340896414,1149947.319901235,6
166,-0.025983870047653613,947761.0087736478,12
167,-0.0025972591847286336,989576.0041823728,11
168,-0.020393862794554924,1303677.2742209244,12
169,0.003229116842522717,1132311.601177922,8
170,-0.011974818039419688,773816.912765753,13
171,-0.003717362688348046,703764.8890331868,12
172,-0.0002952648692534957,1705905.0006455143,6
173,-0.037834014491577535,540885.960349675,11
174,-0.00370363863000449,1502261.8537352367,17
175,0.004400520411328496,1267798.8430828806,7
176,0.012231992802488807,2415037.102239222,10
177,-0.01227016924932049,702360.7161000904,11
178,0.010984067970304481,1005417.0258538775,10
179,-0.0011288585231580713,3227541.8614133676,13
180,-0.013927282060431373,598376.5878853906,13
181,-0.016272081475924526,1246898.9392149807,11
182,-0.006753447465971742,1228206.1172465517,16
183,-0.017114450373084567,2077388.265308252,13
184,0.021037121652598908,767329.0704163346,7
185,0.013365430553365181,1142187.6054231795,12
186,0.03517905701966487,1901819.9265923728,15
187,0.0024386675425761882,791317.7240828627,10
188,-0.008746013816754793,811335.913092855,13
189,0.00266873965477724,1218603.5364059096,11
190,-0.015126575657229097,1183304.0575422766,12
191,-0.00613911562974159,1218016.2377825235,7
192,0.012165166132965201,4348993.286513177,11
193,-0.007868785296931278,594094.4764220372,7
194,-0.012855148699663395,2131146.4978759023,8
195,0.006812093762973011,889004.2470822586,13
196,-0.04405085150904279,603823.362172121,10
197,0.012347955404461458,1008813.7541172387,15
198,-0.029937101695565675,1340569.8555589404,12
199,0.015840307292586182,1762675.79088494,11
200,-0.008709375240988268,822971.4511426091,11
201,0.007762194356102316,1225456.87748856,13
202,0.009787917027244186,1292118.1829310702,7
203,0.01845847951643311,642150.1436001621,10
204,0.018527760901292174,1043018.6494421184,7
205,-0.019976215339669857,1386664.7023386378,9
206,-0.021993955091008485,2259016.084570827,5
207,0.0014428118156986894,904915.5995916153,17
208,-0.00319064798037344,1018409.0702505573,18
209,0.01942554983970787,1996862.7456837203,9
210,0.004825392361841437,1002366.4326425544,8
211,0.023087242085922253,734417.8723302742,14
212,-0.02641782515362502,1428347.9767729018,10
213,0.0037545774709522085,957003.5502716531,22
214,0.05833032082150811,1233543.431201823,17
215,-0.020402494779296187,1316987.2650939312,10
216,0.023642647559563423,740826.027198647,19
217,-0.03438523177092896,1695436.9518624924,13
218,-0.007775517860166077,464515.4795047442,11
219,0.03988819342504193,2866721.4173196084,7
220,-0.02427573923295744,3489288.709959293,12
221,0.0046036413493567244,1075045.9084584503,15
222,0.005932899553525061,2108506.705333199,10
223,-0.012714364139853327,680375.8192637311,12
224,-0.00828917239230994,1553010.1386252192,15
225,-0.03183168250356645,1385741.827784195,14
226,-0.006116968675884617,1152022.294350705,15
227,0.004042531813914685,1522450.112617921,10
228,0.003995051125952006,1786274.5518201413,13
229,0.017637204187895692,1405744.8679734026,12
230,-0.001671851887638367,455152.6441181327,10
231,0.035186821741686254,1822871.5652526366,11
232,-0.009275785900745084,245573.44734496498,9
233,0.0163483315515273,848620.759851103,8
234,0.013888604683161932,1260891.1184134511,13
235,0.00769521127707035,2528229.0890843743,17
236,-0.004382105850285108,1754301.3318346413,13
237,0.010677528744013553,564298.6995751905,10
238,0.022015066546907346,1387658.1648560124,13
239,0.004191715464322658,1869841.4510129865,13
240,0.012797157329178396,1197520.3621425342,10
241,-0.018571160526569066,2041299.213410905,13
242,0.022523297235752908,767257.6907990063,11
243,-0.028772608951286693,2572456.4585577673,10
244,0.020155126735556562,911531.5637723557,7
245,0.008483694631686007,1567634.3914797888,12
246,0.036600737947295355,2034898.3718182447,13
247,-0.008804388053014301,1832040.1703199467,9
248,0.001578428667118606,693470.8810802564,10
249,-0.010431856787586482,1012067.4490250945,13
250,-0.005765273008880395,1003443.5538251628,14
251,0.02540207576491272,1921329.6907178406,13
252,0.00939226802113416,1925144.4693989377,11
253,-0.02031135172539386,937367.0387701768,12
254,0.03659918777648496,1496985.3681966718,10
255,-0.0159577572546814,1754719.846303026,15
256,-0.005243454639033425,769943.1293444494,16
257,0.024272836958829487,2427897.0272094384,8
258,0.01796644399530216,1114739.9208869098,12
259,-0.001368012555050347,671195.4491810886,6
260,-0.022780184566919274,985355.6303828987,11
261,0.00677928916743772,1384983.5994538337,9
262,-0.009868982595301497,794799.7022093912,16
263,0.030381098952455457,295539.41637125256,13
264,0.013496041442703801,910281.1346297814,9
265,-0.006025159479076579,1277294.1894032576,15
266,0.011207612570606323,2125001.3722865377,14
267,0.006111472178400098,848824.7322341794,11
268,-0.022530356413743822,2318923.8841164093,12
269,0.003740874253530261,1224473.747627426,8
270,-0.01799265326126011,3720335.0003927937,18
271,0.006766657465104052,708957.8079498026,15
272,-0.012779603185801265,1752402.9195803402,12
273,0.03793724971943711,1401133.367887604,17
274,-0.010014957670325276,941988.6666053896,20
275,0.004003581041552005,1884530.9302164665,11
276,-0.043803156447389135,1397136.1512633318,9
277,-0.00015415018521631243,815627.8264800105,10
278,-0.025686893098754257,1118493.437876207,16
279,0.003481902000623254,859813.8383709459,9
280,0.014294546019075687,4345904.979001985,12
281,0.002647629072138478,1658480.8995483797,15
282,0.0001847618371904347,1954678.3561635194,12
283,0.010064280902897483,1229469.2349747897,14
284,-0.036250192105515104,917014.7274578834,10
285,-0.010815623232117762,2650279.944198435,10
286,0.00019055530856931755,2503029.2914316677,14
287,0.0006551205356919634,1065081.40810956,5
288,0.01975567875865165,1233740.7799560628,14
289,0.005899242016385258,1990913.6515162555,18
290,-0.011109304726634493,1290213.8447934338,9
291,-0.030317489741769947,2517946.177891639,14
292,-0.003552356757316898,824650.2066749737,11
293,-0.023092257685531782,566970.299882162,15
294,0.029722699671808593,1930115.1124610952,16
295,-0.0038884322340155915,3665029.9709579987,11
296,-0.02073471420422049,2416457.5511799115,22
297,0.00040698984585195376,697419.7861255727,11
298,-0.004495532222391729,901264.9124730141,14
299,0.02003669326141012,1333134.5436899106,10
300,-0.030316945719087603,1653486.7342299893,9
301,0.009149511328193366,321843.0614454703,15
302,0.004745965535748993,1167467.9838053382,11
303,-0.002483408252345939,1206549.12629849,9
304,-0.0007928534588233038,1425458.9919999198,9
305,-0.008669387303462213,1251244.117300622,13
306,-0.004117108560328563,1652531.2915929893,9
307,0.027562288672915977,936379.1129437317,11
308,-0.010527540633782967,1564267.6433456903,12
309,-0.012612035167892858,2179744.8166909497,11
310,-0.026201411537656163,2720122.118065888,13
311,0.012866636272444918,2465650.716282373,8
312,0.00010279883600274064,1035707.9077146321,17
313,-0.021225858679719815,1886853.0125855808,7
314,-0.03217255188063948,1243674.1933702019,9
315,0.0068513316437355835,802260.5101824853,9
316,0.019842224654549868,1867297.288293242,17
317,0.006988961076797949,1128002.6588448468,8
318,-0.022833582894829424,1074947.7128568634,9
319,0.014580925064659005,1573578.640927928,8
320,-0.0016348889771511325,1120748.8522507276,5
321,-0.003827814774742592,1352299.8420213023,13
322,0.02116484183565949,1359634.765199353,14
323,-0.013453048648954524,1903394.5248149794,12
324,0.0017877979185074034,1387823.153867742,9
325,0.022339180122850147,1202566.5780729442,8
326,-0.009303337727557141,1718094.5187059864,8
327,0.024542858935439813,883742.029248027,12
328,-0.011426121924769784,2382176.6002957933,8
329,0.00025555870826806217,1016530.0480676877,10
330,0.013196051692964715,1997764.9257122234,18
331,-0.016350746492211653,592853.8638118545,12
332,0.01677191755181751,2829334.280056926,12
333,0.01889063005753237,869093.5184960499,20
334,0.0076563826674411065,1757218.535773431,10
335,-0.010368209637433679,1115679.6938893946,13
336,0.00723929235440591,369454.3910689878,14
337,-0.007528969399972731,1777168.544119817,8
338,0.033030072409357014,1217033.9914077204,13
339,0.013697727287458628,1111324.32613558,9
340,0.008225398131636186,2086667.443458391,13
341,0.0008533556507320619,1650712.9863591092,14
342,0.0027609119909723268,1434239.1691364895,17
343,-0.00927627778010011,978340.3031046755,12
344,0.014966506083848816,2371367.59955564,13
345,-0.011583682405004604,3372103.2392608104,1
346,0.026942487159444833,1966550.1250325954,9
347,-0.0036192039239196826,648564.59792261,16
348,-0.013960685271712452,1149739.2393767592,13
349,0.010353920707404329,1637463.6282825044,18
350,-0.008811040885841342,558910.8065017983,18
351,-0.011518045062268834,1058718.9656201084,7
352,-0.029307836561704242,3433529.121670721,15
353,-0.020786540685242487,3231216.9226779025,16
354,0.018470218139889815,519752.76437706564,9
355,0.006449233521908027,1722195.3071072758,10
356,0.021262264463571608,886327.1044376238,9
357,0.00035704076704306777,1045834.933794058,13
358,-0.011082111868498258,800756.2826404854,10
359,-0.04955624432537975,2785225.232030732,11
360,0.024484219708917263,1214685.7527550324,13
361,-0.013823950875970952,2292934.02342526,6
362,-0.0014266565665773862,2815158.0957978577,10
363,-0.02209973313706536,728164.1814936738,19
364,0.006315523129395903,2694532.136828954,15
365,-0.002142810240205662,414964.4781565754,6
366,-0.006907924579835726,1717853.5891030496,14
367,-0.002718206845012143,729192.6396936859,12
368,-0.01366143773808924,1691634.5783456648,15
369,-0.0140835370278144,1840859.7909615033,11
370,0.03299835417856028,632212.6356672003,7
371,-0.016166902871372887,778276.1906985567,6
372,0.00495880944917527,626799.2367306328,19
373,0.017405311330721953,1346462.808543996,13
374,0.006031665877218291,1664000.2489632852,14
375,0.018273223193232577,1157606.6859340637,13
376,0.003366301378404317,1120930.4924058127,13
377,-0.021001689234598924,1197722.4134242167,7
378,0.020024425903491596,787119.0685774091,14
379,-0.003309615841189237,1620396.9354133578,13
380,0.013245806728039584,1487843.1270498235,10
381,0.021671534756390724,2256515.444592472,10
382,0.03181819463108107,1075356.2929552514,8
383,0.001244870087007405,1946605.2479887807,15
384,-0.006795356620145933,6746920.14467169,15
385,0.0074746704676318795,1095442.1063519374,8
386,-0.000883366512210377,1174254.5179941524,14
387,-0.014148724193200325,1347584.1098683423,16
388,-0.017846579954152564,639098.7557626332,13
389,0.029652374855412483,1176414.7452591574,11
390,-0.003781519168102397,1021268.1154192464,12
391,-0.037065507615206904,770986.0911629536,14
392,0.009911318669451679,906182.3037178783,18
393,-0.014460914735564379,669349.5310808662,19
394,0.015105757550666088,1230007.796214661,8
395,0.02272254087322093,1417999.6211410144,5
396,0.023746278261540247,1447047.8686356067,8
397,-0.013826358280668742,956031.5828886045,8
398,-0.01317986222366293,532813.8349662467,12
399,-0.007896773634134338,1079722.5584400413,15
400,0.03468642313915638,989454.9816535388,8
401,0.0013093457119104958,897630.4007034564,14
402,-0.0035352193417822293,344773.28387283057,16
403,0.040465611634676345,657838.0930803844,8
404,0.0042891874162140405,646222.8081279909,11
405,-0.001007994595016386,953631.7967147699,12
406,0.007525889588217843,1704059.2008507387,20
407,0.015031835535817453,744673.7775914167,25
408,-0.023195122069385676,3210307.04305744,11
409,0.01104784875962279,1119483.1890383784,16
410,-0.01824128099170075,2889810.3744971408,8
411,-0.006575764900702084,1092770.9027463968,11
412,0.0015109354373789572,1711723.5910899115,11
413,-0.006513859234601086,1086531.6915909357,12
414,0.0022584007104590213,1903844.3302446615,13
415,-0.030415504315738178,871877.7443309197,17
416,-0.021405883327547903,1176304.6565865516,9
417,-0.009908579484735773,2177190.89215232,14
418,0.0021341987739264424,949217.7433503809,10
419,0.002999310361553892,3006985.1734047295,16
420,-0.014421316394400622,403760.27796362387,12
421,-0.029622041523086954,1515887.8901652014,12
422,0.012492886396408335,1641843.89996909,14
423,0.004247621859707216,680237.2956322096,14
424,0.0186808795355405,1133832.448904339,10
425,0.012940965566649833,1700434.8250051402,11
426,-0.01951245189350375,2297410.0764181823,12
427,-0.01943148860197655,1897338.8952857861,16
428,-0.020826505032939185,2075017.953935255,17
429,-0.008652164299135774,1146162.4714312402,6
430,-0.0027185302755209756,2434621.7187099755,11
431,-0.013093958636574433,714892.332661717,11
432,-0.043015937929941635,1090290.6795763813,8
433,-0.009394913155168955,581400.9163002284,7
434,0.014421932574146073,503037.1755164854,14
435,0.01564777874523884,720218.3792384709,15
436,-0.011051845172642882,1271348.004411662,15
437,-0.028453468592337657,1352803.9064333371,12
438,-0.007758625507862435,2344636.0610929164,19
439,-0.031205029366074128,556756.3688161519,13
440,0.009904762131649788,1415279.429276674,11
441,0.008874633123228379,1126268.560777786,17
442,-0.006627509165396225,2183466.315703148,15
443,-0.04103482272233765,757122.1662743357,10
444,0.019401189415202025,753666.0772415415,10
445,0.022947029532510297,615835.4874276941,5
446,-0.004501424335691868,475524.23594218784,6
447,0.006939551354090409,2134062.7626254805,9
448,-0.012579017819841653,778793.3088651086,11
449,-0.014918062706117357,1713384.5543279252,12
450,0.014941028504665926,759262.1961931238,10
451,-0.008043601452274902,2356188.7671107147,11
452,0.03283389381156862,752340.0253903513,7
453,0.0287383598843157,678991.2843749183,8
454,0.009148040342047893,2767146.6347585935,11
455,-0.001511332238679189,2336699.2461468186,17
456,0.017405518339250636,3124637.5306014232,12
457,0.008779755815890446,2619727.899581473,15
458,0.029563412527863573,975186.1021322571,10
459,0.015155570055530367,1432560.5951954299,11
460,0.0027247074566669016,676011.0605529634,10
461,0.02408648327146943,3699284.894297402,16
462,0.021487679403204174,421438.87057808414,10
463,0.01882741229354497,1404209.4324165566,15
464,-0.019039650076675928,686481.1790683809,12
465,0.009183953310749868,1511088.954280889,18
466,-0.02431733555202894,399714.7435688009,11
467,-0.022207961843463218,523809.0740738821,16
468,0.0028143285323220498,794256.6722749843,14
469,-0.006457257230518636,1047565.4824419838,10
470,-0.02232534878170253,1358051.0259422716,9
471,0.03523700308898462,1532004.7767392858,13
472,0.011501949054761625,1159690.3502674836,13
473,-0.00608395170119063,376186.4847281401,14
474,-0.007073803886472703,985290.6234726298,17
475,0.032189851091065716,295900.13817121694,13
476,0.016708683246964992,2086242.6451699238,12
477,0.019311398566963258,1505942.035983526,8
478,-0.002942314698056034,672275.4501119839,11
479,0.003073759813216883,1336541.0349200803,11
480,0.012457971196480707,1740920.0022201173,15
481,0.012643285992637891,969875.95896731,9
482,0.014131746040209647,1370422.8878725264,10
483,-0.008904035233052816,1012935.8838260473,18
484,0.010611445358287029,2460401.563220568,10
485,-0.01693026819920674,879333.9770664229,15
486,-0.004707807375971047,1980759.610609621,14
487,-0.00024036418995625636,2418907.4823622694,11
488,-0.01989990343985807,1286943.7393147121,11
489,0.00017779389573834576,1019142.0554281968,11
490,-0.019365906776956363,1354682.8794049094,14
491,0.008560533202136466,1126704.7179685154,14
492,0.021273685450033313,817888.1876233497,12
493,-0.01030859378524748,821663.4881716898,12
494,-0.006974752330192348,2259799.7637855792,6
495,-0.030391850967973966,906872.0287808251,12
496,-0.0008794814135145226,1373169.1446620103,16
497,-0.00720543343993477,966428.0457396747,19
498,-0.02899818760382127,621856.5833794327,12
499,-0.005022186990603064,1539302.1935083156,14
500,0.02962844967218013,1012862.5483590104,6
501,-0.016586635594407793,670476.5394257728,14
502,0.004873646536122866,478884.48719416,14
503,0.025443023992554863,633393.3075819426,12
504,0.014152399783891665,673605.5625960857,7
505,-0.001167901362655237,804560.6050882855,9
506,0.025906336914903134,958057.3999876596,15
507,-0.01587741287668624,750382.3089433459,19
508,-0.00522457264395773,1646897.5100001714,16
509,-0.004377570881905173,1081919.7825052456,16
510,0.0008084016720142447,884729.0162467719,12
511,-0.013197060925865513,2641834.3993588933,9
512,-0.03476275336606809,844458.2559010808,17
513,0.016566364931192765,1391786.1914550115,10
514,-0.018843457850692722,909527.5741943291,8
515,0.002031470484596792,4542195.653860631,13
516,0.03678171840296841,741701.7650346645,13
517,-0.0015774547375863215,1538208.173743378,18
518,0.0014836942801025913,625949.096732982,14
519,-0.026559899740412767,1129631.8147101363,14
520,-0.010185000190463757,882437.4366590473,9
521,-0.00970820461853127,1779568.8614162155,9
522,-0.01050620016520296,2818865.3764106175,11
523,0.013590039969850146,1151062.7960661578,11
524,0.003271260497801567,2168103.859850438,13
525,0.005624827161539151,1744380.317726192,19
526,0.03054235428788576,1227168.5250019897,19
527,0.005066586738523727,994755.2491816599,11
528,-0.0019999438659290174,944649.488032767,10
529,-0.028746165660144245,1118778.1515820161,11
530,0.00017306586955719483,515801.13252627756,10
531,-0.013910593015658654,2177585.3626088253,18
532,0.01206491979628082,2306009.5006376402,13
533,0.003835150626314502,2732131.1651470386,24
534,-0.0013022880310936044,1001769.7913677897,11
535,0.0297720511315609,1065223.5457493898,15
536,0.0012284090665696282,1133501.1113221298,9
537,0.009315258160951445,1898432.457149862,10
538,0.0003403404102307882,1544388.278677863,11
539,-0.010795511084661862,1181414.37520971,14
540,0.014192723654085988,2193024.179380053,11
541,0.004600734862283614,2055132.7775337356,11
542,0.0014963950087034093,737184.656362393,13
543,0.004928381037710578,1306509.8130835656,19
544,0.012241066849448768,1006480.5228683273,16
545,-0.005776235086820883,1776746.9436575077,11
546,-0.019233249884979188,1142809.042674095,10
547,0.012711675906216859,984737.2424675771,13
548,-0.013493659286473605,657082.852850761,20
549,0.007271615399376103,1453437.5339430661,11
550,0.003472433534566022,1618597.1274525283,6
551,-0.0014319047781664973,785467.6353093009,14
552,0.007731633328373648,1114990.566945104,15
553,0.006720659979802592,1031625.218794953,13
554,0.0076584648609749825,630393.3308477156,13
555,-0.01321207270082033,739158.2363181176,19
556,-0.01779674107924918,2978345.9579422018,13
557,-0.01366616311457053,1929130.0394548886,7
558,0.006318056991130968,1456398.6225336853,11
559,-0.015194407664954725,2474639.370524876,9
560,-0.001424338307350366,1845093.436502999,11
561,0.031577552728076025,1477663.2225633764,14
562,0.010650765786978777,1539209.194896247,9
563,-0.027247352731691557,690677.5210357644,11
564,-0.010682539888682875,2829031.1054535843,10
565,-0.00246411832256253,2522876.9904308803,5
566,0.0206600194753107,770210.8220971507,12
567,0.0443110862556255,1642283.9951657471,13
568,-0.008386205911397689,786023.8257576567,7
569,-0.004958283917640416,1009156.7887112433,7
570,0.000699546573126148,721359.4144359527,8
571,0.007714562175258419,635052.0852842244,11
572,-0.00915273885236105,943964.2498318412,17
573,0.03402279773488273,1459859.5060898787,9
574,0.013407831121994165,1210519.528620517,13
575,0.016302225162867924,1603746.2246096737,10
576,0.00907734395277317,996413.5455146926,10
577,-0.03292081602972472,2640439.86729063,11
578,0.015257342009308573,1508354.2888747347,12
579,-0.008649651308086495,1162114.1527760553,15
580,0.048197448604141414,2657102.364905599,8
581,0.007175170849280602,578636.5250055954,13
582,-0.0036477691744177757,1122260.6242737416,12
583,-0.0019771773446276026,1582467.0231468598,10
584,0.02530412070864464,694761.1134107544,16
585,0.00011539724394981889,1079560.5467779317,15
586,0.0032363687654818184,1457562.7991912703,15
587,0.013295327874993549,1330884.886819128,9
588,0.021674012892390373,1153996.5624035168,8
589,0.013986756660097447,2415597.6364967497,7
590,0.0029737268659403657,2913351.1567027783,12
591,-0.030693497385220134,1152796.7313726482,18
592,-0.014994253468444881,2042084.4269562394,10
593,0.03327791829253699,1667057.756451882,13
594,-0.011351935037825975,1526079.2562189633,12
595,-0.0020119456528660622,660262.0419831323,15
596,-0.009538075565216061,1383378.5573752578,13
597,0.008138160208256038,1747382.4567826313,8
598,0.02841208133756217,884282.5359574046,12
599,0.02044857535840823,836715.081861476,9
600,0.03508588956559191,2093581.7439825996,12
601,-0.002519000293356369,3899753.469416156,12
602,-0.038438606596274426,786365.8776431449,7
603,-0.01338498944062224,729729.4221562505,12
604,-0.006516881848534665,1578168.328325019,9
605,0.006314914380487099,1368600.838395113,14
606,0.01568450428635771,1432083.7804595495,14
607,-0.021251174330099067,1009287.3247716102,9
608,0.019192479880842602,1063791.5835205717,14
609,0.021953313919246608,1893046.1315330022,12
610,-0.009068111092131952,2130553.31556334,13
611,-0.031031556276803273,451571.4294842005,12
612,0.01260049903035607,885439.3337481201,17
613,0.010002470602170323,2418842.814192941,10
614,-0.02796075055763642,2022361.3949865566,15
615,-0.0009119365936702717,941804.8135860264,10
616,-0.002392826206330509,717035.3483420454,10
617,0.0017338444999164882,595972.3330339964,11
618,0.010933934532161717,3882693.4020583676,14
619,0.01640988556910286,987518.762064814,15
620,-0.009529950866568446,640101.2888524551,8
621,-0.005474276677866122,1085317.9159735546,15
622,-0.02328628262703839,722511.5918203911,16
623,0.0030421439617249256,1473786.200098911,13
624,0.023427165900969778,3113902.5417197566,12
625,-0.01449799932212234,1351511.231697308,10
626,0.03003227127338555,431583.91309765476,17
627,0.02468111311307953,2709768.929632968,13
628,-0.020099741283282988,2710362.926367287,12
629,-0.015762053849075326,1762067.8764956705,9
630,-0.008079190776413352,1008694.7948511995,8
631,-0.02092684677000365,1854964.4968589845,12
632,0.0026415783772471874,1465339.975051133,15
633,0.004765002215655302,769390.0214394121,11
634,0.010920090819155424,532435.453466881,14
635,-0.012931812064728964,559091.9456840792,12
636,-0.017298005079645167,310543.0166828225,16
637,0.009676766543306535,1070926.8719529114,17
638,-0.03196937366352486,1649301.595231891,10
639,-0.003715458336790097,1092848.2473245587,11
640,0.011625822397492951,2454820.8741613533,15
641,-0.007349747643234818,1702205.908063718,17
642,0.00730431416574941,960506.3775087685,14
643,-0.0039250393773346826,2675147.7347235144,12
644,0.03558108282496311,2396990.958686979,17
645,-0.029710006461644962,1267479.2006806799,6
646,-0.005766439862244329,2988368.217028628,10
647,-0.02191936391922711,3268294.051838702,8
648,-0.013309378103623697,2900854.722579962,11
649,-0.010500965778424128,1213847.8304329647,9
650,0.013104935446047674,3422798.3272642544,11
651,0.007047857693046042,1317460.156080619,10
652,-0.03809488487082767,1105344.6684684546,11
653,-0.00620654999685036,997416.3174339074,14
654,-0.009036582029404914,897568.0178236543,14
655,0.035707037440852504,1970986.6909537015,13
656,-0.008184932389218535,1579512.8578092856,11
657,0.014099833061288524,2287783.111545123,10
658,-0.015253027692085716,1691806.4979522745,16
659,-0.012080088959295823,2939194.0291219563,14
660,0.006602234602327202,1675476.9368292291,12
661,0.011158695383812187,628185.8904753596,11
662,0.019117987208412287,1514855.8545602818,21
663,-0.004120527264536673,2092712.4974836006,12
664,0.004535010024711196,636558.9843518354,11
665,0.0033776290318288165,2177445.5186393457,14
666,-0.010065819362331302,1871032.6197440515,12
667,-0.02229640419219661,1494970.8844593586,8
668,-0.01646213653988889,2864047.02879715,7
669,-0.008651822636987152,2389456.9158000965,9
670,0.013048392583842666,1757948.0061072109,10
671,-0.0383669047440919,1762859.2979439397,12
672,-0.02365580502437023,1104930.8128814283,11
673,0.00031975372716717135,550255.9280259939,14
674,-0.0037929841135815497,790883.7353135415,14
675,-0.013908829995788049,1352169.7459204614,12
676,0.009422754627498364,1080516.6514385582,6
677,0.02395875261398327,1519665.6880916855,11
678,-0.01455316699046091,1569401.8550863422,12
679,0.028815109758310396,784515.0668813967,10
680,-0.013282467537561203,844350.3646108664,12
681,-0.004551622176849734,1655463.4990817562,7
682,0.008112860499874199,936418.6610623678,9
683,-0.008698021273577548,1056394.3524335348,9
684,0.00889613974271088,1290896.42842204,11
685,0.032140156395417674,530207.8722801255,5
686,0.02086493628917028,1447171.8862531222,15
687,-0.01787461319248997,799245.4758834452,8
688,-0.0539784672730045,1671112.4461120218,13
689,0.016673777685961972,1261065.853338138,17
690,-0.007268069856116305,1615746.9625387362,13
691,0.013037129941710116,3560954.734382549,15
692,0.009133361117015609,667495.3930818144,13
693,0.01841776551498412,586294.5454867074,14
694,-0.008676474403637136,736435.7005977172,12
695,0.003685755791599747,866617.9138676345,14
696,-0.004706740250101406,1130598.4437737723,15
697,0.0004300156093976564,2417829.411707135,15
698,-0.0042169957225687,1160248.5117802934,7
699,0.033326271917938785,1411449.7409205972,12
700,-0.0176150915887022,2674691.397739521,12
701,-0.0006998515830704442,931308.6355064277,14
702,-0.00790483165625003,1538828.0050212438,17
703,0.012881280940241192,670780.5416941565,7
704,-0.008853840639468542,837977.7798367355,11
705,0.03375402124701119,1009085.706369854,11
706,-0.014736279489314948,1055482.1684468156,14
707,0.014013393459713938,2497900.719407613,9
708,0.03719516017923608,994029.8009434277,6
709,0.03031365043479193,966920.6731651768,16
710,-0.01902529651800784,1909997.0166117859,16
711,0.012388540657268477,1196678.3991339458,12
712,-0.014538716413631544,572473.3185150401,16
713,0.01376889974236397,1436376.3153395536,11
714,-0.0037881515191479746,1318620.9820090584,14
715,-0.04547636464961702,1302560.707763969,10
716,0.004040928331748669,2297126.373320127,11
717,-0.009017018566649987,1058137.249360796,9
718,0.03418987123245577,1953100.7648626056,5
719,-0.005373626988787851,772427.3547407202,4
720,-0.04358401588451168,495167.3472238211,11
721,-0.020225558777468757,1233480.9435638553,12
722,0.016817402389144878,778259.4503779754,10
723,-0.007321165140205494,433685.2485949375,11
724,-0.020506359099912476,579342.3483358864,10
725,-0.011901042639686617,1127580.139840369,9
726,-0.011611204904839455,8397645.76291092,17
727,0.008495315722861718,2676437.7746045445,9
728,-0.0007375847625371011,1890538.36221413,6
729,0.019167970570602166,1692687.5904049864,10
730,0.026919937572096774,1890912.727852979,7
731,0.005361241748266591,1098414.1164695811,20
732,0.039510948319734764,761458.9119405979,16
733,0.01194513596608581,729578.7539470434,14
734,-0.032334909888365376,802662.8022112286,12
735,0.0075562292950790855,1738711.0436961353,10
736,0.019215670360624992,1598425.0613782753,6
737,0.019723374564026522,930012.9853263855,11
738,0.013940775434505717,816885.6283974964,13
739,-0.025486442376712378,1624531.839881315,14
740,0.03517922051511089,988154.8703938025,14
741,-0.0017972963286772153,971566.0536725264,15
742,-0.010615481608063637,665931.1049988292,14
743,-0.038563908681588786,1654880.6843402067,12
744,0.0417911990360156,1310370.9252398256,6
745,-8.714428760949399e-05,1349862.2610998382,11
746,-0.00675122849506328,611848.1766634382,12
747,-0.0019424572460527481,2454879.6968969163,10
748,-0.023137724258552088,1095682.758104989,8
749,-0.02165495618466899,1132160.3038049056,13
750,-0.021346519835262343,2752566.796393777,15
751,0.023854114419925503,889459.3307552942,13
752,-0.016293025568695944,1609834.6409387742,10
753,0.012051463378686206,812205.9907910938,15
754,-0.006489974837751371,657989.6848154606,15
755,-0.0065212568774578395,764672.4832629072,13
756,0.004654169585840065,2065115.3633472223,5
757,0.011704212874835142,2049467.7791774452,12
758,-0.008438355894934984,600586.767119483,13
759,-0.01762522278780507,1235953.7982009763,10
760,0.0013678988602430322,1562385.6430202657,13
761,0.03629007573301392,370684.3038120302,12
762,0.02687685712853851,1037216.5159042164,12
763,0.003722439622534639,897565.3833691428,13
764,-0.017752623643231512,1865485.0637714472,7
765,-0.016153603633318865,2403573.252955217,8
766,0.005567523254630215,549084.3125429698,14
767,0.022799918477272054,2108739.723035114,14
768,0.02169560991915737,1716682.9531349062,12
769,-0.020871078326843144,998043.740401625,11
770,-0.008192741609361436,1856488.757267326,19
771,-0.030605599341334378,1303416.8424203764,16
772,0.020978658666321964,1174065.9349122979,17
773,0.009133125851083872,435097.4001957689,5
774,-0.005360758987821947,787356.7336024666,16
775,0.01829624572118689,567455.2228077765,10
776,-0.02122537391451736,600431.5571281158,9
777,-0.001026493076211761,1266309.488677987,11
778,0.010630223541341926,830254.2716387493,7
779,0.04499346402455082,1234046.7083931556,13
780,-0.005048654443615639,3108376.963055003,9
781,-0.010486471854086953,839887.8798943829,15
782,0.004779858073026402,557513.9427849086,16
783,0.020452271560138117,552523.3219674012,25
784,-0.0070169942214526335,1121472.2615924475,15
785,-0.001659989758785576,701239.8923979505,11
786,-0.008878303737998576,2330466.1774465237,15
787,0.008228909607395992,564372.4268852874,10
788,0.013690747329525129,1034005.4810224102,8
789,-0.002328488322638057,873454.545857184,12
790,-0.038607703644799,729566.3888470232,11
791,-0.02838222026600125,907424.1694496995,8
792,-0.009226487103710705,540200.6745454282,9
793,-0.0125373175085084,1303801.7738399063,8
794,0.006532969146147837,1365287.8436821043,10
795,0.009546020104170518,1258750.8194080105,11
796,-0.013720384712741564,1251303.1277374476,15
797,-0.0039102905335719786,778369.9518817392,10
798,-0.0027930359497425655,2191938.11147024,7
799,-0.04588413098602147,672414.0502388243,7
800,0.022636903554675042,1563344.883149923,13
